no, grayscale, invert, icon
0,0.14122796058654785,0.31351542472839355,0.04894876480102539
1,0.139235258102417,0.3099544048309326,0.04845786094665527
2,0.136474609375,0.310774564743042,0.04870772361755371
3,0.13643360137939453,0.3094613552093506,0.0487217903137207
4,0.1364591121673584,0.3149447441101074,0.049639225006103516
5,0.13630890846252441,0.309694766998291,0.04850268363952637
6,0.13552498817443848,0.30940723419189453,0.06227445602416992
7,0.13576006889343262,0.3096916675567627,0.048433780670166016
8,0.13603639602661133,0.31346964836120605,0.048333168029785156
9,0.13642072677612305,0.30901098251342773,0.049884796142578125
10,0.13642311096191406,0.30928540229797363,0.048783063888549805
11,0.14883708953857422,0.3091769218444824,0.04887986183166504
12,0.13642454147338867,0.310199499130249,0.04860711097717285
13,0.13628697395324707,0.310366153717041,0.04879140853881836
14,0.13618040084838867,0.3089792728424072,0.048693180084228516
15,0.13607120513916016,0.3099548816680908,0.04893302917480469
16,0.13591527938842773,0.30971193313598633,0.048398494720458984
17,0.13607239723205566,0.30944371223449707,0.04846596717834473
18,0.13624191284179688,0.30910754203796387,0.04862809181213379
19,0.13657712936401367,0.30922460556030273,0.04897642135620117
20,0.1362624168395996,0.3091442584991455,0.048795461654663086
21,0.1417231559753418,0.30979442596435547,0.048840999603271484
22,0.1361851692199707,0.310258150100708,0.04846811294555664
23,0.13624811172485352,0.3095386028289795,0.04880976676940918
24,0.13696885108947754,0.30982494354248047,0.04894518852233887
25,0.1378922462463379,0.32196664810180664,0.0495610237121582
26,0.13647961616516113,0.30909156799316406,0.04855656623840332
27,0.13678574562072754,0.3096799850463867,0.0487668514251709
28,0.13641357421875,0.3092784881591797,0.04896426200866699
29,0.13814759254455566,0.3133554458618164,0.04882383346557617
30,0.13620567321777344,0.30930495262145996,0.04876065254211426
31,0.13648223876953125,0.309464693069458,0.048790693283081055
32,0.13630127906799316,0.3097808361053467,0.048525333404541016
33,0.13582897186279297,0.31333279609680176,0.04846978187561035
34,0.13834309577941895,0.3158712387084961,0.048668861389160156
35,0.13642144203186035,0.30916523933410645,0.04848003387451172
36,0.13663458824157715,0.30901336669921875,0.04858064651489258
37,0.13618135452270508,0.3220851421356201,0.05388069152832031
38,0.14392638206481934,0.3140907287597656,0.0529327392578125
39,0.13608598709106445,0.3088202476501465,0.04854297637939453
40,0.13617372512817383,0.30951833724975586,0.04873776435852051
41,0.13592529296875,0.31591343879699707,0.04847860336303711
42,0.13614559173583984,0.3148488998413086,0.048622846603393555
43,0.1361074447631836,0.30901312828063965,0.050185441970825195
44,0.13881206512451172,0.3094642162322998,0.04885506629943848
45,0.1363976001739502,0.3109579086303711,0.04879403114318848
46,0.13613271713256836,0.3091902732849121,0.04878520965576172
47,0.13589262962341309,0.3094031810760498,0.048714637756347656
48,0.13768839836120605,0.3118886947631836,0.0488743782043457
49,0.1362907886505127,0.30894994735717773,0.048642873764038086
50,0.13597893714904785,0.3089621067047119,0.04848194122314453
51,0.1361713409423828,0.3089160919189453,0.048743247985839844
52,0.13587498664855957,0.31702542304992676,0.049961090087890625
53,0.1388387680053711,0.3091006278991699,0.04916977882385254
54,0.13656878471374512,0.3112640380859375,0.048682451248168945
55,0.13598847389221191,0.3098294734954834,0.04837489128112793
56,0.1360466480255127,0.31195640563964844,0.04868030548095703
57,0.13568973541259766,0.3089780807495117,0.048613548278808594
58,0.14011788368225098,0.31053805351257324,0.04866504669189453
59,0.13587546348571777,0.3090951442718506,0.04835152626037598
60,0.13579940795898438,0.30952978134155273,0.04909062385559082
61,0.13629937171936035,0.30933094024658203,0.048656463623046875
62,0.13589715957641602,0.3105015754699707,0.04884004592895508
63,0.1361830234527588,0.3091731071472168,0.04854583740234375
64,0.13612627983093262,0.3094482421875,0.04920816421508789
65,0.13864874839782715,0.30979037284851074,0.04853320121765137
66,0.13648700714111328,0.30922794342041016,0.048825740814208984
67,0.13584160804748535,0.30873537063598633,0.048699140548706055
68,0.13604044914245605,0.3091580867767334,0.048409223556518555
69,0.13591814041137695,0.308901309967041,0.04835844039916992
70,0.13897442817687988,0.3216707706451416,0.04995560646057129
71,0.14137792587280273,0.31016039848327637,0.04833245277404785
72,0.1362440586090088,0.32335734367370605,0.05001091957092285
73,0.14113521575927734,0.31852030754089355,0.04834270477294922
74,0.1362457275390625,0.3120534420013428,0.049063920974731445
75,0.13654446601867676,0.30933308601379395,0.04839348793029785
76,0.13630938529968262,0.30899953842163086,0.049459218978881836
77,0.13639473915100098,0.3098013401031494,0.04912900924682617
78,0.13872694969177246,0.30966758728027344,0.04869890213012695
79,0.136366605758667,0.30900096893310547,0.04867887496948242
80,0.1361687183380127,0.30979299545288086,0.0489957332611084
81,0.13822293281555176,0.31287455558776855,0.048394203186035156
82,0.13589048385620117,0.30928540229797363,0.0528264045715332
83,0.13697361946105957,0.3095059394836426,0.04919028282165527
84,0.13625526428222656,0.3088998794555664,0.04869699478149414
85,0.13610458374023438,0.31195712089538574,0.048638343811035156
86,0.13588476181030273,0.3088536262512207,0.04848122596740723
87,0.13643336296081543,0.3130972385406494,0.048841238021850586
88,0.13615679740905762,0.30913352966308594,0.048458099365234375
89,0.13872361183166504,0.31009531021118164,0.04829907417297363
90,0.13559246063232422,0.30854344367980957,0.0485384464263916
91,0.13661503791809082,0.31111669540405273,0.04841971397399902
92,0.13577008247375488,0.30879688262939453,0.051550865173339844
93,0.13573312759399414,0.3188903331756592,0.04869961738586426
94,0.13984131813049316,0.31258273124694824,0.04870200157165527
95,0.1357276439666748,0.31568026542663574,0.049649953842163086
96,0.1409616470336914,0.3152432441711426,0.048593759536743164
97,0.13615775108337402,0.3097407817840576,0.04845738410949707
98,0.13628172874450684,0.3102257251739502,0.04862380027770996
99,0.1357402801513672,0.3091874122619629,0.04874229431152344
100,0.13595962524414062,0.30893683433532715,0.04859018325805664
101,0.13902974128723145,0.31242966651916504,0.04905509948730469
102,0.1360788345336914,0.3090791702270508,0.04876852035522461
103,0.13595819473266602,0.3096182346343994,0.04881453514099121
104,0.13715648651123047,0.3091304302215576,0.048804283142089844
105,0.1359117031097412,0.30940747261047363,0.04885554313659668
106,0.13627052307128906,0.30960822105407715,0.04853653907775879
107,0.13581418991088867,0.31403517723083496,0.04847407341003418
108,0.13609027862548828,0.3089926242828369,0.04861593246459961
109,0.1358656883239746,0.3089900016784668,0.048542022705078125
110,0.13586759567260742,0.3087644577026367,0.048480987548828125
111,0.13576960563659668,0.3092770576477051,0.04835796356201172
112,0.13556647300720215,0.3090946674346924,0.048917531967163086
113,0.13596487045288086,0.30881381034851074,0.049722909927368164
114,0.13609552383422852,0.3089020252227783,0.04857587814331055
115,0.13561391830444336,0.3086206912994385,0.05281972885131836
116,0.14148521423339844,0.3159778118133545,0.04836583137512207
117,0.13596272468566895,0.3089156150817871,0.04832601547241211
118,0.13780570030212402,0.312302827835083,0.04862689971923828
119,0.135908842086792,0.30971288681030273,0.048162221908569336
120,0.1362597942352295,0.3094472885131836,0.04865241050720215
121,0.13599634170532227,0.309246301651001,0.04878592491149902
122,0.13649749755859375,0.3092789649963379,0.04895424842834473
123,0.13587260246276855,0.3090205192565918,0.048216819763183594
124,0.13650107383728027,0.31517696380615234,0.04878544807434082
125,0.13617539405822754,0.31351590156555176,0.048239946365356445
126,0.1359400749206543,0.31308770179748535,0.04861021041870117
127,0.13603448867797852,0.3090696334838867,0.04854440689086914
128,0.13625407218933105,0.31386232376098633,0.048630475997924805
129,0.1357269287109375,0.3081393241882324,0.048462867736816406
130,0.13590741157531738,0.3094959259033203,0.04883551597595215
131,0.13621234893798828,0.30907511711120605,0.04835677146911621
132,0.13631629943847656,0.3100244998931885,0.05187654495239258
133,0.13627123832702637,0.30896711349487305,0.04864001274108887
134,0.13608789443969727,0.3088998794555664,0.048949241638183594
135,0.13644170761108398,0.3086373805999756,0.048705339431762695
136,0.1357121467590332,0.3111238479614258,0.04941725730895996
137,0.1406087875366211,0.32163214683532715,0.049160003662109375
138,0.14010834693908691,0.31490111351013184,0.049918413162231445
139,0.13632845878601074,0.3088200092315674,0.048397064208984375
140,0.1360321044921875,0.31486940383911133,0.04897499084472656
141,0.1360018253326416,0.308821439743042,0.04857611656188965
142,0.1362900733947754,0.30908703804016113,0.0517573356628418
143,0.13890409469604492,0.31157922744750977,0.0484468936920166
144,0.138702392578125,0.30893492698669434,0.04950881004333496
145,0.14073848724365234,0.32125067710876465,0.04899168014526367
146,0.13906025886535645,0.30876755714416504,0.051935434341430664
147,0.13703632354736328,0.30857181549072266,0.048378705978393555
148,0.13549113273620605,0.30820655822753906,0.05083870887756348
149,0.13612079620361328,0.3086416721343994,0.04843330383300781
150,0.13556766510009766,0.30825281143188477,0.04864215850830078
151,0.14876818656921387,0.31758689880371094,0.0482640266418457
152,0.13600897789001465,0.3087177276611328,0.04884147644042969
153,0.15273094177246094,0.3142995834350586,0.04828786849975586
154,0.1357734203338623,0.308746337890625,0.04888033866882324
155,0.13623356819152832,0.3085334300994873,0.04844355583190918
156,0.1357405185699463,0.30902671813964844,0.04893064498901367
157,0.1370086669921875,0.308518648147583,0.04837298393249512
158,0.1359879970550537,0.30855607986450195,0.04883074760437012
159,0.13583898544311523,0.3084249496459961,0.04834151268005371
160,0.13605475425720215,0.30840563774108887,0.048706769943237305
161,0.1358013153076172,0.31258368492126465,0.04847574234008789
162,0.135894775390625,0.30913400650024414,0.048825979232788086
163,0.1363062858581543,0.30887579917907715,0.05125832557678223
164,0.13881754875183105,0.3082242012023926,0.04871392250061035
165,0.135833740234375,0.3141911029815674,0.048590660095214844
166,0.1359562873840332,0.30888819694519043,0.04932975769042969
167,0.1366894245147705,0.3091256618499756,0.05235910415649414
168,0.1396472454071045,0.31079888343811035,0.04848313331604004
169,0.13989543914794922,0.31336069107055664,0.04836153984069824
170,0.13584136962890625,0.30861949920654297,0.04854583740234375
171,0.13586139678955078,0.3088371753692627,0.05116748809814453
172,0.13865423202514648,0.3116598129272461,0.0487823486328125
173,0.13656020164489746,0.3224315643310547,0.05286765098571777
174,0.13615131378173828,0.30924367904663086,0.04895281791687012
175,0.13614869117736816,0.3090665340423584,0.04882526397705078
176,0.1361980438232422,0.3085010051727295,0.04832172393798828
177,0.1358928680419922,0.31047916412353516,0.04965806007385254
178,0.1362001895904541,0.30847811698913574,0.04882693290710449
179,0.13608503341674805,0.3092658519744873,0.04897618293762207
180,0.13635849952697754,0.31093454360961914,0.0484921932220459
181,0.13610482215881348,0.30901122093200684,0.04871678352355957
182,0.13881325721740723,0.3106191158294678,0.04973340034484863
183,0.13662290573120117,0.30995965003967285,0.050481557846069336
184,0.13602519035339355,0.30883026123046875,0.04848957061767578
185,0.13819026947021484,0.3127100467681885,0.05275917053222656
186,0.14424967765808105,0.30942797660827637,0.04857754707336426
187,0.13639259338378906,0.3086833953857422,0.04941678047180176
188,0.13776230812072754,0.3091597557067871,0.04828500747680664
189,0.13617420196533203,0.3090965747833252,0.04873824119567871
190,0.1376485824584961,0.31262636184692383,0.0487818717956543
191,0.1365668773651123,0.3100118637084961,0.04890561103820801
192,0.13585829734802246,0.30956315994262695,0.04851651191711426
193,0.1363844871520996,0.30936717987060547,0.048900604248046875
194,0.13597631454467773,0.30918097496032715,0.048963069915771484
195,0.13624835014343262,0.3087432384490967,0.04883718490600586
196,0.13591408729553223,0.30913424491882324,0.04840707778930664
197,0.13648748397827148,0.3088524341583252,0.04896950721740723
198,0.1359844207763672,0.30901527404785156,0.04881644248962402
199,0.13619780540466309,0.3089470863342285,0.048564910888671875
200,0.13626980781555176,0.3094899654388428,0.04861593246459961
201,0.1366729736328125,0.31023597717285156,0.04847407341003418
202,0.13678431510925293,0.3200662136077881,0.0487523078918457
203,0.13648104667663574,0.3093862533569336,0.048899173736572266
204,0.1360149383544922,0.3093092441558838,0.04871797561645508
205,0.13631081581115723,0.3123362064361572,0.049199581146240234
206,0.13637256622314453,0.3093445301055908,0.04906463623046875
207,0.13626646995544434,0.30879664421081543,0.04873156547546387
208,0.13600897789001465,0.3094668388366699,0.04858756065368652
209,0.13596510887145996,0.308596134185791,0.048685550689697266
210,0.13621306419372559,0.30873751640319824,0.04873204231262207
211,0.14121532440185547,0.30890321731567383,0.04861807823181152
212,0.1356501579284668,0.3090994358062744,0.05232858657836914
213,0.13614439964294434,0.3112351894378662,0.05174827575683594
214,0.13896512985229492,0.31194162368774414,0.048600196838378906
215,0.14840030670166016,0.3106400966644287,0.04881644248962402
216,0.13558363914489746,0.3088231086730957,0.04877734184265137
217,0.13597416877746582,0.3088948726654053,0.04877877235412598
218,0.13590764999389648,0.3091433048248291,0.048700571060180664
219,0.13641715049743652,0.31130218505859375,0.04881143569946289
220,0.13611650466918945,0.30966877937316895,0.0648503303527832
221,0.1360030174255371,0.3116137981414795,0.05287432670593262
222,0.1412067413330078,0.32137560844421387,0.04959845542907715
223,0.13978862762451172,0.31298184394836426,0.04930758476257324
224,0.13600921630859375,0.3093717098236084,0.04868125915527344
225,0.13662028312683105,0.3126561641693115,0.048761844635009766
226,0.13679766654968262,0.30934596061706543,0.04895329475402832
227,0.13659191131591797,0.32118773460388184,0.04941391944885254
228,0.1362144947052002,0.3090956211090088,0.048671722412109375
229,0.1361079216003418,0.3115572929382324,0.0487065315246582
230,0.1360774040222168,0.3089747428894043,0.0486600399017334
231,0.13613557815551758,0.31391096115112305,0.05183696746826172
232,0.13618731498718262,0.30936455726623535,0.0486297607421875
233,0.13632774353027344,0.3257570266723633,0.04928874969482422
234,0.1409924030303955,0.3212270736694336,0.04943203926086426
235,0.1412804126739502,0.3213820457458496,0.04966330528259277
236,0.14087629318237305,0.31014156341552734,0.04874992370605469
237,0.13639116287231445,0.3088035583496094,0.04868292808532715
238,0.13592863082885742,0.3092176914215088,0.04935288429260254
239,0.1364445686340332,0.31687378883361816,0.049096107482910156
240,0.13625621795654297,0.31044983863830566,0.04862499237060547
241,0.1359107494354248,0.30956149101257324,0.05189323425292969
242,0.13921451568603516,0.3120450973510742,0.04896974563598633
243,0.13924574851989746,0.30933165550231934,0.048983097076416016
244,0.1361093521118164,0.30927038192749023,0.048615217208862305
245,0.13617587089538574,0.30873847007751465,0.04899406433105469
246,0.1360323429107666,0.30873680114746094,0.04898715019226074
247,0.13590168952941895,0.3086221218109131,0.04860281944274902
248,0.14372467994689941,0.3104739189147949,0.04860210418701172
249,0.13643193244934082,0.3092522621154785,0.049346923828125
250,0.1362442970275879,0.3094820976257324,0.048666954040527344
251,0.13639402389526367,0.3094151020050049,0.04857182502746582
252,0.13773822784423828,0.31385087966918945,0.04880261421203613
253,0.13600564002990723,0.30887556076049805,0.048807382583618164
254,0.13651323318481445,0.30904579162597656,0.048811912536621094
255,0.13651132583618164,0.30872654914855957,0.04874563217163086
256,0.13622355461120605,0.31331586837768555,0.04895758628845215
257,0.13617467880249023,0.30898118019104004,0.04919576644897461
258,0.1382901668548584,0.3123295307159424,0.04892611503601074
259,0.13631534576416016,0.30898237228393555,0.048894405364990234
260,0.13578009605407715,0.30913591384887695,0.0484774112701416
261,0.13596248626708984,0.30942344665527344,0.04889798164367676
262,0.14050674438476562,0.30875682830810547,0.04857754707336426
263,0.1361992359161377,0.3087031841278076,0.048867225646972656
264,0.1360466480255127,0.3141443729400635,0.04877805709838867
265,0.13657641410827637,0.3089566230773926,0.048624277114868164
266,0.1365039348602295,0.3095536231994629,0.048740386962890625
267,0.13629889488220215,0.30880212783813477,0.04891800880432129
268,0.1385195255279541,0.3124399185180664,0.04857635498046875
269,0.13620328903198242,0.30962347984313965,0.04902172088623047
270,0.1364734172821045,0.3118250370025635,0.048754215240478516
271,0.136275053024292,0.3091254234313965,0.049115896224975586
272,0.13613057136535645,0.3091847896575928,0.049805402755737305
273,0.1377866268157959,0.30954885482788086,0.04869961738586426
274,0.13620448112487793,0.30867624282836914,0.04851651191711426
275,0.1361219882965088,0.3089914321899414,0.0650336742401123
276,0.14679312705993652,0.3164336681365967,0.048903703689575195
277,0.13773179054260254,0.31436634063720703,0.048845767974853516
278,0.13618969917297363,0.30881500244140625,0.05066227912902832
279,0.13913440704345703,0.31141090393066406,0.05176854133605957
280,0.13876891136169434,0.31123995780944824,0.05121326446533203
281,0.14044976234436035,0.32408571243286133,0.04888200759887695
282,0.13640952110290527,0.3091273307800293,0.04897713661193848
283,0.13659334182739258,0.30959177017211914,0.05043792724609375
284,0.1423044204711914,0.31125354766845703,0.048560142517089844
285,0.13633966445922852,0.30947160720825195,0.0486752986907959
286,0.13612937927246094,0.30954933166503906,0.04853487014770508
287,0.1360478401184082,0.308582067489624,0.0487065315246582
288,0.1360151767730713,0.3090202808380127,0.04842400550842285
289,0.13645529747009277,0.3116471767425537,0.04899477958679199
290,0.13579750061035156,0.30963563919067383,0.04849982261657715
291,0.13605856895446777,0.3085017204284668,0.04919290542602539
292,0.14047479629516602,0.31861400604248047,0.0486149787902832
293,0.13579034805297852,0.31563878059387207,0.04907369613647461
294,0.13645076751708984,0.30884218215942383,0.051892757415771484
295,0.1393430233001709,0.3115353584289551,0.05145692825317383
296,0.13938069343566895,0.3093550205230713,0.04825901985168457
297,0.1359260082244873,0.3093264102935791,0.05202913284301758
298,0.14005446434020996,0.31179213523864746,0.053930044174194336
299,0.13600826263427734,0.3091409206390381,0.04871988296508789
300,0.136368989944458,0.309002161026001,0.048631906509399414
301,0.13623929023742676,0.3162236213684082,0.04938840866088867
302,0.1411275863647461,0.32115983963012695,0.04950118064880371
303,0.14119482040405273,0.3141007423400879,0.048998355865478516
304,0.13626527786254883,0.3096928596496582,0.04843950271606445
305,0.13593268394470215,0.3088722229003906,0.04912757873535156
306,0.13655567169189453,0.30967092514038086,0.048998117446899414
307,0.13637900352478027,0.3117055892944336,0.048677682876586914
308,0.1390061378479004,0.30869436264038086,0.04877591133117676
309,0.13645720481872559,0.3095264434814453,0.04876995086669922
310,0.1363387107849121,0.30889225006103516,0.04876899719238281
311,0.13628005981445312,0.31134033203125,0.052951812744140625
312,0.14008259773254395,0.31621456146240234,0.05286383628845215
313,0.13958048820495605,0.3089771270751953,0.051140785217285156
314,0.14179277420043945,0.3095667362213135,0.04907059669494629
315,0.13679957389831543,0.31452059745788574,0.04848146438598633
316,0.136094331741333,0.30905914306640625,0.048482656478881836
317,0.13634538650512695,0.3090207576751709,0.04869651794433594
318,0.13643169403076172,0.30923986434936523,0.0489964485168457
319,0.13892769813537598,0.3108210563659668,0.0485072135925293
320,0.13608765602111816,0.3091275691986084,0.04848623275756836
321,0.13637495040893555,0.3090517520904541,0.04875898361206055
322,0.136460542678833,0.30921292304992676,0.04876995086669922
323,0.13635706901550293,0.3084862232208252,0.04860234260559082
324,0.1403815746307373,0.30925846099853516,0.048486948013305664
325,0.13584232330322266,0.3089480400085449,0.04894280433654785
326,0.13611412048339844,0.3151535987854004,0.04855632781982422
327,0.13656115531921387,0.30843186378479004,0.051625728607177734
328,0.1386265754699707,0.32137107849121094,0.053000688552856445
329,0.14339447021484375,0.31561923027038574,0.04881739616394043
330,0.13647198677062988,0.3111684322357178,0.04935789108276367
331,0.14084315299987793,0.3185458183288574,0.04898977279663086
332,0.13596725463867188,0.3089165687561035,0.0484774112701416
333,0.13593840599060059,0.3085789680480957,0.052703857421875
334,0.1362316608428955,0.3149070739746094,0.05127716064453125
335,0.14220261573791504,0.31005072593688965,0.04975080490112305
336,0.14170360565185547,0.3232309818267822,0.048610687255859375
337,0.13608145713806152,0.3097195625305176,0.049428701400756836
338,0.14075636863708496,0.3169229030609131,0.049738168716430664
339,0.1412205696105957,0.3145289421081543,0.04886484146118164
340,0.13591933250427246,0.30849146842956543,0.04870271682739258
341,0.1361222267150879,0.30942535400390625,0.04864311218261719
342,0.1358323097229004,0.31488585472106934,0.0485529899597168
343,0.13639497756958008,0.30915331840515137,0.05181550979614258
344,0.13681602478027344,0.30851292610168457,0.04830598831176758
345,0.136643648147583,0.30855560302734375,0.04896211624145508
346,0.13570094108581543,0.30973148345947266,0.04990363121032715
347,0.1414041519165039,0.3091123104095459,0.0496976375579834
348,0.14150786399841309,0.32181668281555176,0.04851245880126953
349,0.13689231872558594,0.309253454208374,0.04884076118469238
350,0.13580608367919922,0.3086588382720947,0.0483095645904541
351,0.13903212547302246,0.30994701385498047,0.048792123794555664
352,0.13636207580566406,0.31249308586120605,0.048417091369628906
353,0.13630223274230957,0.30915212631225586,0.048547983169555664
354,0.1359114646911621,0.30937957763671875,0.04833626747131348
355,0.13978052139282227,0.3189270496368408,0.04884839057922363
356,0.13635492324829102,0.3097090721130371,0.048111915588378906
357,0.13607025146484375,0.309995174407959,0.04842782020568848
358,0.13585686683654785,0.30846571922302246,0.04835057258605957
359,0.13623261451721191,0.3141300678253174,0.04845309257507324
360,0.13564491271972656,0.30885839462280273,0.04852914810180664
361,0.13593459129333496,0.3093290328979492,0.048748016357421875
362,0.13569283485412598,0.3086106777191162,0.0485529899597168
363,0.13584136962890625,0.31524157524108887,0.048737525939941406
364,0.1360032558441162,0.30857253074645996,0.04832577705383301
365,0.13578391075134277,0.30905938148498535,0.048661231994628906
366,0.13573789596557617,0.308457612991333,0.048471927642822266
367,0.13585519790649414,0.31214356422424316,0.0489499568939209
368,0.13671183586120605,0.3125607967376709,0.048329830169677734
369,0.13587498664855957,0.3092799186706543,0.050150394439697266
370,0.14167451858520508,0.30898618698120117,0.04830002784729004
371,0.13613057136535645,0.30951881408691406,0.048691511154174805
372,0.13599014282226562,0.30872607231140137,0.048352718353271484
373,0.1358811855316162,0.3087015151977539,0.048775434494018555
374,0.13629937171936035,0.30959439277648926,0.04862380027770996
375,0.13581109046936035,0.3113517761230469,0.05021524429321289
376,0.1366891860961914,0.31229424476623535,0.050734519958496094
377,0.1388227939605713,0.31204748153686523,0.049562692642211914
378,0.13618063926696777,0.30873870849609375,0.04850196838378906
379,0.13582801818847656,0.3087313175201416,0.050512075424194336
380,0.1361677646636963,0.3090670108795166,0.04826831817626953
381,0.13680696487426758,0.3089168071746826,0.048758745193481445
382,0.1359424591064453,0.3084440231323242,0.048392534255981445
383,0.1356039047241211,0.3086225986480713,0.05103778839111328
384,0.13604974746704102,0.3103618621826172,0.04822564125061035
385,0.13591957092285156,0.30873560905456543,0.04849410057067871
386,0.13568544387817383,0.30880188941955566,0.04844236373901367
387,0.13588595390319824,0.3087584972381592,0.04851078987121582
388,0.1356368064880371,0.32178211212158203,0.04924750328063965
389,0.14038968086242676,0.3233528137207031,0.04871988296508789
390,0.13591384887695312,0.3088037967681885,0.048475027084350586
391,0.13544249534606934,0.30809545516967773,0.048813581466674805
392,0.1360018253326416,0.3112361431121826,0.0483851432800293
393,0.13579058647155762,0.30883073806762695,0.04909110069274902
394,0.1362307071685791,0.3101048469543457,0.04850196838378906
395,0.13629531860351562,0.30869150161743164,0.04896140098571777
396,0.13576602935791016,0.30915021896362305,0.04865908622741699
397,0.13588809967041016,0.30836987495422363,0.048752546310424805
398,0.1359701156616211,0.309323787689209,0.04863452911376953
399,0.13615751266479492,0.3088717460632324,0.048600196838378906
400,0.1356220245361328,0.31296324729919434,0.04979276657104492
401,0.13650894165039062,0.30933475494384766,0.04852867126464844
402,0.13623881340026855,0.3083178997039795,0.04854321479797363
403,0.13593268394470215,0.30847978591918945,0.0488438606262207
404,0.13622331619262695,0.31688928604125977,0.049016714096069336
405,0.13916587829589844,0.30887579917907715,0.0485227108001709
406,0.13592529296875,0.3090193271636963,0.04867291450500488
407,0.13611578941345215,0.30889892578125,0.048776865005493164
408,0.13591527938842773,0.30872297286987305,0.05400252342224121
409,0.13720154762268066,0.3139834403991699,0.05268359184265137
410,0.1401076316833496,0.30849123001098633,0.04849743843078613
411,0.13573122024536133,0.3082587718963623,0.04879903793334961
412,0.1359403133392334,0.30881237983703613,0.048339128494262695
413,0.14020395278930664,0.3160076141357422,0.04848766326904297
414,0.13610291481018066,0.31747007369995117,0.0488433837890625
415,0.13624000549316406,0.30924201011657715,0.0484774112701416
416,0.13599181175231934,0.30957555770874023,0.04864358901977539
417,0.13639116287231445,0.3094799518585205,0.04873824119567871
418,0.13604092597961426,0.30968809127807617,0.048850297927856445
419,0.13630414009094238,0.309079647064209,0.048604488372802734
420,0.13585281372070312,0.30880236625671387,0.048569440841674805
421,0.13591241836547852,0.31085848808288574,0.04889249801635742
422,0.13618230819702148,0.3193509578704834,0.04891633987426758
423,0.14161968231201172,0.3095872402191162,0.048590660095214844
424,0.1360929012298584,0.31023430824279785,0.04838681221008301
425,0.13618922233581543,0.31771230697631836,0.049021005630493164
426,0.13653135299682617,0.3146998882293701,0.04857778549194336
427,0.13602519035339355,0.3092305660247803,0.049040794372558594
428,0.13604211807250977,0.30876588821411133,0.04811716079711914
429,0.13584327697753906,0.3124253749847412,0.04880809783935547
430,0.13621187210083008,0.30957770347595215,0.04818153381347656
431,0.136061429977417,0.30906009674072266,0.04854893684387207
432,0.136030912399292,0.309323787689209,0.048288583755493164
433,0.13575053215026855,0.3129715919494629,0.04891538619995117
434,0.13628578186035156,0.31406354904174805,0.0498356819152832
435,0.14172983169555664,0.30962586402893066,0.04897308349609375
436,0.13628768920898438,0.3100011348724365,0.04848790168762207
437,0.13632798194885254,0.3091704845428467,0.04893064498901367
438,0.13617205619812012,0.3090546131134033,0.05222153663635254
439,0.14007043838500977,0.30923914909362793,0.048833608627319336
440,0.13606500625610352,0.3088715076446533,0.04831886291503906
441,0.13593363761901855,0.30896973609924316,0.048624515533447266
442,0.13612580299377441,0.30934596061706543,0.04834556579589844
443,0.1358342170715332,0.30849599838256836,0.04872918128967285
444,0.13581252098083496,0.30927157402038574,0.04835224151611328
445,0.1360771656036377,0.30902099609375,0.04874777793884277
446,0.13640451431274414,0.3096351623535156,0.05919528007507324
447,0.14020276069641113,0.3094491958618164,0.04926490783691406
448,0.1362438201904297,0.3092532157897949,0.04844236373901367
449,0.13629746437072754,0.31009745597839355,0.049086570739746094
450,0.13672566413879395,0.316103458404541,0.048650503158569336
451,0.1370539665222168,0.3114337921142578,0.04905271530151367
452,0.13630986213684082,0.30885958671569824,0.04863405227661133
453,0.13639450073242188,0.30862975120544434,0.04868888854980469
454,0.1359398365020752,0.3164205551147461,0.04859733581542969
455,0.13585758209228516,0.3089148998260498,0.04865527153015137
456,0.13578009605407715,0.3093688488006592,0.04839730262756348
457,0.1356067657470703,0.30884408950805664,0.0491483211517334
458,0.13602638244628906,0.3091747760772705,0.048685312271118164
459,0.13582921028137207,0.30884647369384766,0.049254655838012695
460,0.13603782653808594,0.3098013401031494,0.04846644401550293
461,0.13717174530029297,0.3111698627471924,0.048676490783691406
462,0.13584566116333008,0.3156452178955078,0.04912114143371582
463,0.13946962356567383,0.30950212478637695,0.04860281944274902
464,0.136566162109375,0.3088955879211426,0.04852938652038574
465,0.13641643524169922,0.30915236473083496,0.048697471618652344
466,0.13629484176635742,0.3208732604980469,0.048628807067871094
467,0.13798046112060547,0.3086557388305664,0.04893851280212402
468,0.13655328750610352,0.3092975616455078,0.048185110092163086
469,0.13617253303527832,0.3090188503265381,0.04870438575744629
470,0.13662242889404297,0.30911707878112793,0.049379825592041016
471,0.14143729209899902,0.3090372085571289,0.05170488357543945
472,0.13691306114196777,0.3088233470916748,0.048432350158691406
473,0.13588213920593262,0.31397151947021484,0.04953336715698242
474,0.14086675643920898,0.3222231864929199,0.04911184310913086
475,0.14179611206054688,0.32157254219055176,0.049091339111328125
476,0.14080500602722168,0.32113218307495117,0.04903912544250488
477,0.13918566703796387,0.3225255012512207,0.05040144920349121
478,0.14180564880371094,0.31477856636047363,0.04816460609436035
479,0.13605499267578125,0.3091421127319336,0.049369096755981445
480,0.13573431968688965,0.309096097946167,0.04858565330505371
481,0.13625383377075195,0.309037446975708,0.04897785186767578
482,0.1360633373260498,0.3091881275177002,0.048299312591552734
483,0.13586950302124023,0.3089292049407959,0.049507856369018555
484,0.13594365119934082,0.30901217460632324,0.04855632781982422
485,0.13611865043640137,0.30898475646972656,0.0490262508392334
486,0.13628268241882324,0.3089890480041504,0.04847264289855957
487,0.13588237762451172,0.3170464038848877,0.0494227409362793
488,0.13966059684753418,0.30868029594421387,0.04848909378051758
489,0.13579726219177246,0.3090052604675293,0.048801422119140625
490,0.13599157333374023,0.30867886543273926,0.048514366149902344
491,0.13573122024536133,0.30921006202697754,0.04866790771484375
492,0.13584494590759277,0.3165295124053955,0.048546552658081055
493,0.13615775108337402,0.3088226318359375,0.0484461784362793
494,0.1358654499053955,0.30973196029663086,0.048512935638427734
495,0.14028263092041016,0.3105030059814453,0.04882526397705078
496,0.13604378700256348,0.3088059425354004,0.048775672912597656
497,0.13605475425720215,0.30919575691223145,0.04900074005126953
498,0.13615083694458008,0.3089473247528076,0.04881167411804199
499,0.13747048377990723,0.3118429183959961,0.050150394439697266
500,0.1399545669555664,0.30895161628723145,0.048380136489868164
501,0.13605046272277832,0.30887556076049805,0.048470497131347656
502,0.1358323097229004,0.30966830253601074,0.04869961738586426
503,0.13626813888549805,0.309459924697876,0.05237698554992676
504,0.1367635726928711,0.3096466064453125,0.05144357681274414
505,0.13921689987182617,0.31168174743652344,0.05170273780822754
506,0.13712477684020996,0.3085150718688965,0.04856300354003906
507,0.13640403747558594,0.309368371963501,0.048673391342163086
508,0.13816237449645996,0.30907106399536133,0.04828238487243652
509,0.13635015487670898,0.30856752395629883,0.048708438873291016
510,0.13617300987243652,0.308732271194458,0.0482172966003418
511,0.13602375984191895,0.3083076477050781,0.04898691177368164
512,0.13659930229187012,0.3116281032562256,0.048583269119262695
513,0.13625168800354004,0.3089869022369385,0.0486445426940918
514,0.13609933853149414,0.30886054039001465,0.04835033416748047
515,0.13602066040039062,0.3093228340148926,0.0487360954284668
516,0.13575983047485352,0.3089165687561035,0.05087685585021973
517,0.13596224784851074,0.30980849266052246,0.048657894134521484
518,0.1360623836517334,0.30863070487976074,0.0483098030090332
519,0.13582348823547363,0.30888938903808594,0.048888206481933594
520,0.13570404052734375,0.3095886707305908,0.05232596397399902
521,0.1387941837310791,0.31385183334350586,0.04861569404602051
522,0.13562846183776855,0.3095273971557617,0.048371076583862305
523,0.13613200187683105,0.3089718818664551,0.0486299991607666
524,0.13627147674560547,0.3146207332611084,0.05203866958618164
525,0.1418285369873047,0.3229866027832031,0.049916744232177734
526,0.14149951934814453,0.30876612663269043,0.04865908622741699
527,0.13589859008789062,0.3099689483642578,0.04960775375366211
528,0.13918018341064453,0.3124542236328125,0.0491335391998291
529,0.1407473087310791,0.3214735984802246,0.04898357391357422
530,0.1360313892364502,0.3156909942626953,0.04804801940917969
531,0.13572359085083008,0.3084681034088135,0.04885244369506836
532,0.1357564926147461,0.3109593391418457,0.04915046691894531
533,0.13847064971923828,0.3169400691986084,0.048851966857910156
534,0.13600850105285645,0.3089427947998047,0.04912233352661133
535,0.13565683364868164,0.32392215728759766,0.05005455017089844
536,0.13600373268127441,0.30933499336242676,0.054289817810058594
537,0.1371772289276123,0.31099510192871094,0.04922628402709961
538,0.1359243392944336,0.30887341499328613,0.04843640327453613
539,0.1358482837677002,0.3090779781341553,0.04875302314758301
540,0.13600397109985352,0.3090658187866211,0.04856419563293457
541,0.13601303100585938,0.3087284564971924,0.04883122444152832
542,0.13618230819702148,0.3094782829284668,0.048752784729003906
543,0.13584518432617188,0.30852293968200684,0.048932552337646484
544,0.13643360137939453,0.30894970893859863,0.050531864166259766
545,0.13618230819702148,0.32187318801879883,0.04873967170715332
546,0.13599562644958496,0.30890679359436035,0.04884815216064453
547,0.13592982292175293,0.30874061584472656,0.04931139945983887
548,0.13630294799804688,0.31739115715026855,0.048377275466918945
549,0.1361253261566162,0.3132209777832031,0.04893755912780762
550,0.13599205017089844,0.31006860733032227,0.04839777946472168
551,0.1357865333557129,0.30843377113342285,0.04855680465698242
552,0.13579416275024414,0.3095667362213135,0.048441410064697266
553,0.1363060474395752,0.3177928924560547,0.04897713661193848
554,0.1362321376800537,0.32039809226989746,0.04921412467956543
555,0.1371598243713379,0.3100738525390625,0.04877829551696777
556,0.1361069679260254,0.30915236473083496,0.048479557037353516
557,0.13577651977539062,0.30982041358947754,0.04878687858581543
558,0.13614583015441895,0.30947256088256836,0.048333168029785156
559,0.13613486289978027,0.3083770275115967,0.04865097999572754
560,0.1361846923828125,0.31006479263305664,0.048718929290771484
561,0.13624000549316406,0.31400036811828613,0.048909902572631836
562,0.13621759414672852,0.3090023994445801,0.04830646514892578
563,0.13611555099487305,0.30875444412231445,0.04891562461853027
564,0.1356201171875,0.3088676929473877,0.048233985900878906
565,0.135603666305542,0.30931568145751953,0.05043363571166992
566,0.13676190376281738,0.313798189163208,0.04830813407897949
567,0.135894775390625,0.3091742992401123,0.04869818687438965
568,0.13573956489562988,0.30945634841918945,0.04823112487792969
569,0.13574576377868652,0.3087332248687744,0.0488128662109375
570,0.13822388648986816,0.30965328216552734,0.04816174507141113
571,0.1362929344177246,0.3090231418609619,0.04846358299255371
572,0.13582420349121094,0.309326171875,0.04836559295654297
573,0.13601422309875488,0.30944156646728516,0.048593997955322266
574,0.14026093482971191,0.31000518798828125,0.048577070236206055
575,0.13598871231079102,0.3090083599090576,0.04887127876281738
576,0.1357569694519043,0.30892491340637207,0.04790830612182617
577,0.13532781600952148,0.30838871002197266,0.04905343055725098
578,0.13576030731201172,0.3112521171569824,0.0485532283782959
579,0.13579273223876953,0.3088562488555908,0.04848194122314453
580,0.1358494758605957,0.30913853645324707,0.04900479316711426
581,0.13587331771850586,0.3087582588195801,0.0485074520111084
582,0.13593721389770508,0.3195834159851074,0.04908871650695801
583,0.1408531665802002,0.32110071182250977,0.04909396171569824
584,0.14022374153137207,0.3220987319946289,0.04892683029174805
585,0.1403336524963379,0.3087940216064453,0.04860544204711914
586,0.13579416275024414,0.31801342964172363,0.04838275909423828
587,0.13635945320129395,0.3143129348754883,0.05261850357055664
588,0.1393752098083496,0.31211280822753906,0.04842019081115723
589,0.1359410285949707,0.30858731269836426,0.04889702796936035
590,0.13604068756103516,0.3140139579772949,0.04875516891479492
591,0.13601446151733398,0.32094693183898926,0.049192190170288086
592,0.14028120040893555,0.32067298889160156,0.04910993576049805
593,0.1402738094329834,0.32129693031311035,0.04927325248718262
594,0.13954520225524902,0.31275224685668945,0.052092552185058594
595,0.13631772994995117,0.3085613250732422,0.04869222640991211
596,0.1356215476989746,0.308429479598999,0.048329830169677734
597,0.13601207733154297,0.3087024688720703,0.04886603355407715
598,0.1358325481414795,0.31286168098449707,0.048356056213378906
599,0.13860797882080078,0.31256914138793945,0.04836392402648926
600,0.13567209243774414,0.3083784580230713,0.04824066162109375
601,0.13580322265625,0.30911922454833984,0.048450469970703125
602,0.13555073738098145,0.30858683586120605,0.04844331741333008
603,0.1365492343902588,0.3125882148742676,0.04849815368652344
604,0.13560724258422852,0.3083381652832031,0.0482640266418457
605,0.13622379302978516,0.30895423889160156,0.04871392250061035
606,0.13608908653259277,0.3088526725769043,0.04811382293701172
607,0.13737225532531738,0.31272292137145996,0.048644065856933594
608,0.13605356216430664,0.3096029758453369,0.048535823822021484
609,0.1362295150756836,0.30922627449035645,0.04856705665588379
610,0.1358788013458252,0.30920910835266113,0.04821467399597168
611,0.1356215476989746,0.31078267097473145,0.048636436462402344
612,0.13575100898742676,0.30821919441223145,0.04813742637634277
613,0.14138007164001465,0.31261420249938965,0.04861617088317871
614,0.1358623504638672,0.3086860179901123,0.04811239242553711
615,0.13586688041687012,0.3142566680908203,0.0528407096862793
616,0.14042878150939941,0.31298136711120605,0.05209851264953613
617,0.13968372344970703,0.312572717666626,0.05032920837402344
618,0.13607382774353027,0.30920934677124023,0.048410892486572266
619,0.13590168952941895,0.3185396194458008,0.04934501647949219
620,0.14026546478271484,0.3222026824951172,0.04892301559448242
621,0.14108943939208984,0.32140231132507324,0.049347639083862305
622,0.14131712913513184,0.32129383087158203,0.04855632781982422
623,0.13637709617614746,0.3200807571411133,0.04880785942077637
624,0.13604235649108887,0.32052159309387207,0.04891514778137207
625,0.13896632194519043,0.3104996681213379,0.04930281639099121
626,0.14081335067749023,0.32342982292175293,0.04862380027770996
627,0.13639187812805176,0.32338571548461914,0.04921126365661621
628,0.14042019844055176,0.3213233947753906,0.04884958267211914
629,0.14018774032592773,0.30847907066345215,0.04844069480895996
630,0.13574004173278809,0.309063196182251,0.05203533172607422
631,0.13968801498413086,0.30969977378845215,0.04877495765686035
632,0.13901400566101074,0.3082852363586426,0.048380136489868164
633,0.13613510131835938,0.30852723121643066,0.04864335060119629
634,0.1359539031982422,0.3083016872406006,0.048047780990600586
635,0.13550806045532227,0.3139002323150635,0.05294060707092285
636,0.1401059627532959,0.312652587890625,0.05257987976074219
637,0.13871550559997559,0.3116023540496826,0.048645734786987305
638,0.13601255416870117,0.30848240852355957,0.048551321029663086
639,0.1359541416168213,0.3088977336883545,0.05095171928405762
640,0.14340853691101074,0.31346607208251953,0.05209517478942871
641,0.1363058090209961,0.30918455123901367,0.050296783447265625
642,0.1364898681640625,0.30855631828308105,0.048282623291015625
643,0.13645482063293457,0.30900120735168457,0.04901576042175293
644,0.13808202743530273,0.30928659439086914,0.048601627349853516
645,0.13612055778503418,0.3109471797943115,0.04881930351257324
646,0.13620948791503906,0.30839085578918457,0.04822087287902832
647,0.13608598709106445,0.3102123737335205,0.04869842529296875
648,0.13822460174560547,0.3227825164794922,0.049323081970214844
649,0.14045190811157227,0.3171989917755127,0.05364513397216797
650,0.13889408111572266,0.3124125003814697,0.04836893081665039
651,0.13597369194030762,0.30881452560424805,0.04865837097167969
652,0.136474609375,0.3352949619293213,0.0483393669128418
653,0.13633251190185547,0.3091301918029785,0.04959368705749512
654,0.14115405082702637,0.3189704418182373,0.04803323745727539
655,0.13610315322875977,0.31189918518066406,0.04848647117614746
656,0.1360304355621338,0.31934547424316406,0.048241376876831055
657,0.13589739799499512,0.3103630542755127,0.0486600399017334
658,0.13588976860046387,0.3089168071746826,0.04831981658935547
659,0.13589882850646973,0.30898332595825195,0.04841256141662598
660,0.1359114646911621,0.31353330612182617,0.04863238334655762
661,0.13594460487365723,0.3130180835723877,0.049063682556152344
662,0.14027714729309082,0.3214094638824463,0.04903244972229004
663,0.14104104042053223,0.31027865409851074,0.04909682273864746
664,0.14013218879699707,0.32146382331848145,0.048943281173706055
665,0.1406383514404297,0.31446003913879395,0.048566579818725586
666,0.13615679740905762,0.3088986873626709,0.048142194747924805
667,0.1357862949371338,0.3089420795440674,0.04864621162414551
668,0.13570427894592285,0.31325411796569824,0.049079179763793945
669,0.14088225364685059,0.3199925422668457,0.04857921600341797
670,0.13553404808044434,0.3087484836578369,0.048203468322753906
671,0.1357734203338623,0.3086252212524414,0.04855632781982422
672,0.13611125946044922,0.32372403144836426,0.05138707160949707
673,0.1388077735900879,0.30826616287231445,0.04855036735534668
674,0.13909029960632324,0.31057310104370117,0.04837322235107422
675,0.13578343391418457,0.31372952461242676,0.04947710037231445
676,0.13573861122131348,0.30855512619018555,0.04981637001037598
677,0.13972234725952148,0.3121767044067383,0.049349069595336914
678,0.13957738876342773,0.3089601993560791,0.048362016677856445
679,0.1360321044921875,0.30875182151794434,0.04852604866027832
680,0.1357893943786621,0.30860185623168945,0.05078268051147461
681,0.14431548118591309,0.31212878227233887,0.04837465286254883
682,0.13577866554260254,0.30864524841308594,0.04844093322753906
683,0.1356360912322998,0.3099968433380127,0.04855680465698242
684,0.13629794120788574,0.30825138092041016,0.048488616943359375
685,0.14349007606506348,0.3087317943572998,0.04860496520996094
686,0.13611912727355957,0.30843591690063477,0.04857468605041504
687,0.13635730743408203,0.30820465087890625,0.04886579513549805
688,0.13597798347473145,0.308443546295166,0.04854559898376465
689,0.13643598556518555,0.3156614303588867,0.048752546310424805
690,0.13672828674316406,0.30912137031555176,0.048708200454711914
691,0.13650035858154297,0.3088066577911377,0.048630475997924805
692,0.13620305061340332,0.3095712661743164,0.04844856262207031
693,0.13634014129638672,0.31537818908691406,0.04851484298706055
694,0.13625383377075195,0.30887436866760254,0.04872441291809082
695,0.13633084297180176,0.3082540035247803,0.04862713813781738
696,0.1359410285949707,0.3094978332519531,0.048470497131347656
697,0.13648223876953125,0.3205580711364746,0.04857349395751953
698,0.13566231727600098,0.308152437210083,0.04843425750732422
699,0.1360766887664795,0.30816650390625,0.04845619201660156
700,0.13564085960388184,0.3081986904144287,0.04837846755981445
701,0.13606595993041992,0.31757450103759766,0.051610469818115234
702,0.13613390922546387,0.3083987236022949,0.04858589172363281
703,0.1361849308013916,0.3086066246032715,0.04874873161315918
704,0.13604497909545898,0.3087630271911621,0.04827117919921875
705,0.13635993003845215,0.3090047836303711,0.05170178413391113
706,0.14478087425231934,0.3114655017852783,0.04953956604003906
707,0.13822293281555176,0.31265902519226074,0.04837179183959961
708,0.1378800868988037,0.30860304832458496,0.04833674430847168
709,0.1364586353302002,0.3090400695800781,0.04850149154663086
710,0.13815760612487793,0.3092005252838135,0.04851269721984863
711,0.13595938682556152,0.31186747550964355,0.04845404624938965
712,0.1361067295074463,0.3083958625793457,0.048299312591552734
713,0.13582468032836914,0.309359073638916,0.05143332481384277
714,0.14403343200683594,0.31200313568115234,0.04859280586242676
715,0.13609552383422852,0.3087952136993408,0.048493385314941406
716,0.13631510734558105,0.30916428565979004,0.0481104850769043
717,0.13570809364318848,0.3086874485015869,0.04858112335205078
718,0.13848447799682617,0.30913519859313965,0.048413991928100586
719,0.1360769271850586,0.30865025520324707,0.04844927787780762
720,0.13566207885742188,0.308380126953125,0.04824995994567871
721,0.13636159896850586,0.3088352680206299,0.04886913299560547
722,0.1365354061126709,0.3191800117492676,0.04871177673339844
723,0.13885831832885742,0.3116941452026367,0.04879307746887207
724,0.13581061363220215,0.30843210220336914,0.048317909240722656
725,0.13595223426818848,0.3088572025299072,0.05164504051208496
726,0.13950228691101074,0.3185582160949707,0.04874110221862793
727,0.13666176795959473,0.3095576763153076,0.05214977264404297
728,0.14197230339050293,0.3091437816619873,0.04820513725280762
729,0.13620924949645996,0.3172779083251953,0.048700809478759766
730,0.13634729385375977,0.3115394115447998,0.049039363861083984
731,0.13611125946044922,0.3089413642883301,0.04897785186767578
732,0.13589906692504883,0.3086569309234619,0.0482633113861084
733,0.13593482971191406,0.308610200881958,0.048934221267700195
734,0.1358811855316162,0.31470441818237305,0.04874849319458008
735,0.13624858856201172,0.30919909477233887,0.048635005950927734
736,0.13620662689208984,0.30961084365844727,0.048575401306152344
737,0.13603949546813965,0.3092668056488037,0.04904603958129883
738,0.13613557815551758,0.30870747566223145,0.05005478858947754
739,0.13681697845458984,0.3090171813964844,0.04882502555847168
740,0.13630461692810059,0.30942463874816895,0.048479557037353516
741,0.13607263565063477,0.3083052635192871,0.04873943328857422
742,0.13637375831604004,0.3086416721343994,0.04863452911376953
743,0.14043688774108887,0.3131132125854492,0.04844474792480469
744,0.13956212997436523,0.32218337059020996,0.04896807670593262
745,0.14095520973205566,0.32184624671936035,0.049211740493774414
746,0.14149808883666992,0.31156325340270996,0.051489830017089844
747,0.1449565887451172,0.31290388107299805,0.04927349090576172
748,0.1405811309814453,0.32163405418395996,0.04881715774536133
749,0.14049077033996582,0.31423187255859375,0.04872393608093262
750,0.13638567924499512,0.30927300453186035,0.0514223575592041
751,0.14915966987609863,0.3100547790527344,0.04863929748535156
752,0.13583803176879883,0.3088963031768799,0.04832911491394043
753,0.13591933250427246,0.31095075607299805,0.048661231994628906
754,0.1363825798034668,0.30896639823913574,0.052519798278808594
755,0.13885021209716797,0.3155794143676758,0.04853034019470215
756,0.13643383979797363,0.3089139461517334,0.04835987091064453
757,0.13608789443969727,0.3087441921234131,0.04861330986022949
758,0.1360931396484375,0.3084859848022461,0.04846811294555664
759,0.1383819580078125,0.3128345012664795,0.04845929145812988
760,0.13569331169128418,0.3086574077606201,0.04814887046813965
761,0.13598179817199707,0.30855703353881836,0.048906564712524414
762,0.13617801666259766,0.3092024326324463,0.04865670204162598
763,0.13620281219482422,0.3148193359375,0.04865908622741699
764,0.13600564002990723,0.3082873821258545,0.04820966720581055
765,0.13561201095581055,0.30836987495422363,0.04860424995422363
766,0.13602566719055176,0.31528806686401367,0.048546552658081055
767,0.1363058090209961,0.30858755111694336,0.048477888107299805
768,0.13554692268371582,0.3083035945892334,0.0483546257019043
769,0.13575100898742676,0.3082540035247803,0.04846954345703125
770,0.1358797550201416,0.30839085578918457,0.048514366149902344
771,0.13579344749450684,0.30832886695861816,0.05207991600036621
772,0.1360621452331543,0.3083841800689697,0.04819440841674805
773,0.13556241989135742,0.30826497077941895,0.04857158660888672
774,0.13583040237426758,0.30806756019592285,0.048334360122680664
775,0.13602614402770996,0.3082456588745117,0.050087690353393555
776,0.1402904987335205,0.31755852699279785,0.04834580421447754
777,0.13597965240478516,0.3085181713104248,0.04875588417053223
778,0.13606524467468262,0.3081550598144531,0.04855680465698242
779,0.13640522956848145,0.3083198070526123,0.04852747917175293
780,0.1369006633758545,0.3085777759552002,0.048492431640625
781,0.13628745079040527,0.3101317882537842,0.04862070083618164
782,0.13614726066589355,0.3093991279602051,0.049154043197631836
783,0.13652682304382324,0.31333327293395996,0.04940176010131836
784,0.13612747192382812,0.31780076026916504,0.048381805419921875
785,0.1365973949432373,0.3090851306915283,0.04878401756286621
786,0.13788104057312012,0.31167149543762207,0.05229377746582031
787,0.1436307430267334,0.31369996070861816,0.0522761344909668
788,0.14456534385681152,0.32501792907714844,0.04840540885925293
789,0.1362321376800537,0.30910658836364746,0.048659563064575195
790,0.13624334335327148,0.3088395595550537,0.048699378967285156
791,0.1361708641052246,0.30919981002807617,0.05075478553771973
792,0.1402895450592041,0.32062768936157227,0.04920840263366699
793,0.1454179286956787,0.3130345344543457,0.04879570007324219
794,0.1362767219543457,0.30869126319885254,0.048818349838256836
795,0.13663125038146973,0.30872678756713867,0.048583984375
796,0.1435718536376953,0.32042360305786133,0.04870867729187012
797,0.1359708309173584,0.31009411811828613,0.048470258712768555
798,0.13602972030639648,0.30934715270996094,0.04860734939575195
799,0.1361241340637207,0.3094196319580078,0.04841804504394531
800,0.13597512245178223,0.32080554962158203,0.051603078842163086
801,0.13666749000549316,0.31012940406799316,0.0486760139465332
802,0.1361837387084961,0.30885744094848633,0.04861807823181152
803,0.13616347312927246,0.3094499111175537,0.04877114295959473
804,0.13628411293029785,0.3121669292449951,0.04882097244262695
805,0.13602709770202637,0.3089780807495117,0.048522233963012695
806,0.13855528831481934,0.31003665924072266,0.04863238334655762
807,0.1359856128692627,0.30916261672973633,0.04854106903076172
808,0.13583898544311523,0.3091397285461426,0.048497915267944336
809,0.14249205589294434,0.32622289657592773,0.05022144317626953
810,0.1367199420928955,0.32389330863952637,0.05010199546813965
811,0.1363081932067871,0.31392407417297363,0.050070762634277344
812,0.141740083694458,0.32056450843811035,0.04832601547241211
813,0.13640880584716797,0.30922365188598633,0.048769474029541016
814,0.1362917423248291,0.30878400802612305,0.0487666130065918
815,0.13659453392028809,0.308837890625,0.048365116119384766
816,0.1359245777130127,0.30855441093444824,0.04909396171569824
817,0.14066386222839355,0.3102569580078125,0.05290079116821289
818,0.1401679515838623,0.3091130256652832,0.04829049110412598
819,0.13590717315673828,0.30904436111450195,0.048583030700683594
820,0.1358027458190918,0.3086049556732178,0.04837632179260254
821,0.1358792781829834,0.31894707679748535,0.04887652397155762
822,0.13645052909851074,0.31560516357421875,0.048809051513671875
823,0.13615202903747559,0.3096475601196289,0.04871416091918945
824,0.13650202751159668,0.30954480171203613,0.04847884178161621
825,0.13583803176879883,0.3104534149169922,0.04860067367553711
826,0.13629460334777832,0.32100939750671387,0.04964327812194824
827,0.1377730369567871,0.32152581214904785,0.0492396354675293
828,0.1409146785736084,0.31107139587402344,0.04848027229309082
829,0.13591814041137695,0.31734228134155273,0.04863095283508301
830,0.13620901107788086,0.30863142013549805,0.04838705062866211
831,0.13613462448120117,0.3095564842224121,0.04872632026672363
832,0.13593006134033203,0.30820679664611816,0.04828619956970215
833,0.13569331169128418,0.3120999336242676,0.048764705657958984
834,0.13623261451721191,0.30831456184387207,0.04845762252807617
835,0.13573622703552246,0.309492826461792,0.048407793045043945
836,0.1360330581665039,0.30849575996398926,0.048365116119384766
837,0.13564085960388184,0.3086428642272949,0.04877948760986328
838,0.1364612579345703,0.3108658790588379,0.0486760139465332
839,0.13666081428527832,0.30927562713623047,0.0483698844909668
840,0.13617491722106934,0.3098735809326172,0.0482792854309082
841,0.13609576225280762,0.3087649345397949,0.04944586753845215
842,0.13979125022888184,0.30875492095947266,0.0485692024230957
843,0.13607287406921387,0.30860376358032227,0.04976940155029297
844,0.13605356216430664,0.3090496063232422,0.04839968681335449
845,0.1357438564300537,0.3163912296295166,0.04930758476257324
846,0.14032864570617676,0.3100252151489258,0.04851722717285156
847,0.13625073432922363,0.3087029457092285,0.04875373840332031
848,0.13603425025939941,0.3087944984436035,0.04840230941772461
849,0.13630342483520508,0.30925941467285156,0.04858875274658203
850,0.1361541748046875,0.3108341693878174,0.048768043518066406
851,0.140916109085083,0.3099238872528076,0.04952192306518555
852,0.1361994743347168,0.322568416595459,0.04906654357910156
853,0.13779902458190918,0.30834007263183594,0.04855990409851074
854,0.13614988327026367,0.31964731216430664,0.04943561553955078
855,0.14160704612731934,0.32079315185546875,0.04852437973022461
856,0.13670730590820312,0.31858015060424805,0.04834342002868652
857,0.13610124588012695,0.3087766170501709,0.04871344566345215
858,0.1356830596923828,0.320662260055542,0.048421621322631836
859,0.14050030708312988,0.3086268901824951,0.048563241958618164
860,0.13583755493164062,0.3088557720184326,0.04842019081115723
861,0.13581132888793945,0.3086705207824707,0.0486912727355957
862,0.14092779159545898,0.3174571990966797,0.04855775833129883
863,0.14009618759155273,0.31128621101379395,0.04871010780334473
864,0.13559532165527344,0.3085811138153076,0.048422813415527344
865,0.13595080375671387,0.30861544609069824,0.04863429069519043
866,0.13603949546813965,0.31928491592407227,0.04854917526245117
867,0.13609981536865234,0.30823540687561035,0.04840445518493652
868,0.13578057289123535,0.31050920486450195,0.048187255859375
869,0.13568329811096191,0.3081929683685303,0.04979300498962402
870,0.13589239120483398,0.3111085891723633,0.04861187934875488
871,0.13594698905944824,0.30843448638916016,0.048459529876708984
872,0.13573527336120605,0.3083808422088623,0.04864239692687988
873,0.13622522354125977,0.3083465099334717,0.04847455024719238
874,0.13749980926513672,0.3083014488220215,0.048834800720214844
875,0.1364290714263916,0.3081929683685303,0.048475027084350586
876,0.1358048915863037,0.3084867000579834,0.048421382904052734
877,0.13580679893493652,0.3084549903869629,0.04853081703186035
878,0.13599872589111328,0.3083686828613281,0.049237728118896484
879,0.1409602165222168,0.32167506217956543,0.04925727844238281
880,0.1406564712524414,0.32114672660827637,0.048894405364990234
881,0.14087271690368652,0.3116910457611084,0.04856753349304199
882,0.1360797882080078,0.3214435577392578,0.04929494857788086
883,0.14141392707824707,0.30966758728027344,0.04844808578491211
884,0.13584685325622559,0.308657169342041,0.04830193519592285
885,0.13625454902648926,0.3086254596710205,0.04899287223815918
886,0.13605785369873047,0.30853700637817383,0.04879355430603027
887,0.1388719081878662,0.31720733642578125,0.04867243766784668
888,0.13621020317077637,0.3089182376861572,0.04838418960571289
889,0.13612031936645508,0.30882930755615234,0.04852771759033203
890,0.13582611083984375,0.3084254264831543,0.04851174354553223
891,0.13599944114685059,0.31644463539123535,0.048727989196777344
892,0.1391763687133789,0.31398677825927734,0.049649715423583984
893,0.1388261318206787,0.30884361267089844,0.04853558540344238
894,0.1386432647705078,0.30925679206848145,0.04857158660888672
895,0.13615131378173828,0.31346797943115234,0.0485537052154541
896,0.1358044147491455,0.3085787296295166,0.04933571815490723
897,0.13640642166137695,0.30920982360839844,0.048834800720214844
898,0.1363670825958252,0.3086254596710205,0.0485539436340332
899,0.13610267639160156,0.309373140335083,0.04995369911193848
900,0.13914871215820312,0.30904316902160645,0.04843449592590332
901,0.13614678382873535,0.30922913551330566,0.04854416847229004
902,0.14071202278137207,0.30884861946105957,0.049161434173583984
903,0.14112162590026855,0.3168158531188965,0.04889416694641113
904,0.1362600326538086,0.30878162384033203,0.048723459243774414
905,0.13624215126037598,0.3088376522064209,0.04875326156616211
906,0.13650131225585938,0.31181788444519043,0.0513615608215332
907,0.13640618324279785,0.30867719650268555,0.05324411392211914
908,0.13690805435180664,0.3088827133178711,0.04828667640686035
909,0.13607382774353027,0.3088340759277344,0.048501014709472656
910,0.13635730743408203,0.3084280490875244,0.04840660095214844
911,0.15011119842529297,0.3094513416290283,0.048625946044921875
912,0.13939881324768066,0.31557321548461914,0.052385807037353516
913,0.14003515243530273,0.31277966499328613,0.048792123794555664
914,0.13621973991394043,0.30876946449279785,0.048651695251464844
915,0.13928556442260742,0.31145691871643066,0.05190849304199219
916,0.14727067947387695,0.31222987174987793,0.051346778869628906
917,0.13900256156921387,0.3115968704223633,0.051454782485961914
918,0.1392669677734375,0.3117485046386719,0.048532724380493164
919,0.1364612579345703,0.31224727630615234,0.04867219924926758
920,0.1360471248626709,0.31910014152526855,0.049230098724365234
921,0.1371614933013916,0.30940842628479004,0.049321651458740234
922,0.13670635223388672,0.3091294765472412,0.04842805862426758
923,0.1362006664276123,0.31192874908447266,0.048553466796875
924,0.1362757682800293,0.31835412979125977,0.048270225524902344
925,0.1388390064239502,0.30843234062194824,0.048458099365234375
926,0.1393284797668457,0.3088722229003906,0.04874753952026367
927,0.14145302772521973,0.3190610408782959,0.04865145683288574
928,0.137528657913208,0.31812286376953125,0.049230098724365234
929,0.13877224922180176,0.30855798721313477,0.04851675033569336
930,0.13647675514221191,0.30926060676574707,0.04855751991271973
931,0.13618969917297363,0.308779239654541,0.04860568046569824
932,0.13614630699157715,0.3130357265472412,0.04842853546142578
933,0.13593363761901855,0.3083820343017578,0.04864096641540527
934,0.1362161636352539,0.30892086029052734,0.0484166145324707
935,0.13602757453918457,0.308443546295166,0.048482418060302734
936,0.1358199119567871,0.3092689514160156,0.04888463020324707
937,0.13673615455627441,0.30991148948669434,0.04868364334106445
938,0.13680696487426758,0.30889892578125,0.05276060104370117
939,0.14037156105041504,0.3092772960662842,0.04885101318359375
940,0.13633394241333008,0.30954813957214355,0.04859447479248047
941,0.13653159141540527,0.3097498416900635,0.04896068572998047
942,0.13634395599365234,0.3094792366027832,0.05201292037963867
943,0.1367952823638916,0.30904388427734375,0.05254673957824707
944,0.13887238502502441,0.3119394779205322,0.0487055778503418
945,0.13993144035339355,0.31249523162841797,0.048484086990356445
946,0.1403210163116455,0.3112516403198242,0.04860258102416992
947,0.1364302635192871,0.309201717376709,0.04919004440307617
948,0.1388247013092041,0.31176090240478516,0.05185842514038086
949,0.14684247970581055,0.3117661476135254,0.05139636993408203
950,0.13941216468811035,0.3088996410369873,0.04852557182312012
951,0.13599872589111328,0.30835580825805664,0.04849886894226074
952,0.1363062858581543,0.3086419105529785,0.048413753509521484
953,0.13599038124084473,0.30927157402038574,0.04835391044616699
954,0.1367800235748291,0.3102610111236572,0.04891395568847656
955,0.13625550270080566,0.308549165725708,0.04855918884277344
956,0.1357271671295166,0.30871009826660156,0.04881453514099121
957,0.13601136207580566,0.3238532543182373,0.0492856502532959
958,0.14087772369384766,0.3188941478729248,0.049457550048828125
959,0.13851118087768555,0.3087778091430664,0.048459768295288086
960,0.13657641410827637,0.3097116947174072,0.04841780662536621
961,0.1360154151916504,0.3087899684906006,0.04857063293457031
962,0.1361403465270996,0.3086283206939697,0.04870891571044922
963,0.1358344554901123,0.30872607231140137,0.048577070236206055
964,0.1358788013458252,0.30918049812316895,0.05250430107116699
965,0.13840460777282715,0.31350183486938477,0.04930281639099121
966,0.14128851890563965,0.31168365478515625,0.04893183708190918
967,0.13696575164794922,0.3097867965698242,0.048821449279785156
968,0.1362295150756836,0.308727502822876,0.04830765724182129
969,0.1363832950592041,0.3155210018157959,0.04876446723937988
970,0.1364138126373291,0.3088366985321045,0.04872417449951172
971,0.13651394844055176,0.30863261222839355,0.048636674880981445
972,0.13575196266174316,0.30884504318237305,0.05013775825500488
973,0.13637018203735352,0.30944228172302246,0.04884481430053711
974,0.13627004623413086,0.3091888427734375,0.04869818687438965
975,0.1364891529083252,0.3087947368621826,0.048960208892822266
976,0.13624191284179688,0.30884861946105957,0.052254676818847656
977,0.13660192489624023,0.3095400333404541,0.05292987823486328
978,0.14530491828918457,0.31353282928466797,0.0526888370513916
979,0.14089369773864746,0.30930328369140625,0.04855847358703613
980,0.13629412651062012,0.3083648681640625,0.048521995544433594
981,0.13576459884643555,0.3092653751373291,0.04859185218811035
982,0.1363990306854248,0.3088526725769043,0.04856514930725098
983,0.13599872589111328,0.30853796005249023,0.04861021041870117
984,0.13585782051086426,0.3092381954193115,0.048403263092041016
985,0.13596320152282715,0.30890727043151855,0.04922604560852051
986,0.13650941848754883,0.309403657913208,0.0527651309967041
987,0.14046955108642578,0.30896735191345215,0.04891324043273926
988,0.13579201698303223,0.3091731071472168,0.04855990409851074
989,0.13798069953918457,0.3118302822113037,0.04879164695739746
990,0.1363687515258789,0.3155231475830078,0.048737525939941406
991,0.13613104820251465,0.3090367317199707,0.0485687255859375
992,0.1360936164855957,0.30939674377441406,0.04816722869873047
993,0.13593268394470215,0.30846357345581055,0.048592329025268555
994,0.13644194602966309,0.3216125965118408,0.04983067512512207
995,0.14187049865722656,0.32320570945739746,0.04876446723937988
996,0.13599300384521484,0.30924153327941895,0.04831743240356445
997,0.13596177101135254,0.31124019622802734,0.048716068267822266
998,0.1364891529083252,0.31157827377319336,0.0485684871673584
999,0.13628482818603516,0.30916452407836914,0.04854726791381836
