0,0.0004458427429199219
1,0.00010967254638671875
2,9.1552734375e-05
3,9.202957153320312e-05
4,8.559226989746094e-05
5,0.00011372566223144531
6,9.632110595703125e-05
7,9.298324584960938e-05
8,0.00010085105895996094
9,9.632110595703125e-05
10,9.489059448242188e-05
11,9.989738464355469e-05
12,9.751319885253906e-05
13,9.632110595703125e-05
14,0.00011134147644042969
15,0.00010204315185546875
16,0.00010800361633300781
17,0.00010800361633300781
18,0.00010251998901367188
19,0.00010776519775390625
20,0.000118255615234375
21,0.00010728836059570312
22,0.00010561943054199219
23,0.00010943412780761719
24,0.00011157989501953125
25,0.00010895729064941406
26,0.00010395050048828125
27,0.00010204315185546875
28,0.00010323524475097656
29,0.00011110305786132812
30,0.00010395050048828125
31,0.00011181831359863281
32,0.00011539459228515625
33,0.00010347366333007812
34,0.00010824203491210938
35,0.00010514259338378906
36,0.00010466575622558594
37,0.00010061264038085938
38,9.512901306152344e-05
39,8.606910705566406e-05
40,9.179115295410156e-05
41,8.869171142578125e-05
42,8.726119995117188e-05
43,8.96453857421875e-05
44,9.989738464355469e-05
45,0.00010919570922851562
46,9.894371032714844e-05
47,0.00010514259338378906
48,0.00010657310485839844
49,0.00010156631469726562
50,0.000102996826171875
51,0.000102996826171875
52,0.0001163482666015625
53,0.00011134147644042969
54,9.942054748535156e-05
55,0.00010609626770019531
56,9.918212890625e-05
57,9.632110595703125e-05
58,0.00011515617370605469
59,0.00010275840759277344
60,9.703636169433594e-05
61,9.703636169433594e-05
62,0.0001049041748046875
63,0.00011610984802246094
64,9.870529174804688e-05
65,9.465217590332031e-05
66,9.655952453613281e-05
67,0.00010251998901367188
68,9.751319885253906e-05
69,9.846687316894531e-05
70,9.632110595703125e-05
71,0.00010013580322265625
72,0.00010418891906738281
73,9.489059448242188e-05
74,9.322166442871094e-05
75,9.632110595703125e-05
76,9.584426879882812e-05
77,0.00010538101196289062
78,9.655952453613281e-05
79,9.679794311523438e-05
80,0.00010013580322265625
81,9.512901306152344e-05
82,0.00010442733764648438
83,9.894371032714844e-05
84,9.584426879882812e-05
85,9.584426879882812e-05
86,9.989738464355469e-05
87,9.226799011230469e-05
88,9.512901306152344e-05
89,9.560585021972656e-05
90,9.655952453613281e-05
91,9.942054748535156e-05
92,0.00010371208190917969
93,0.00010323524475097656
94,0.00010228157043457031
95,0.00010466575622558594
96,9.34600830078125e-05
97,0.0001010894775390625
98,0.00010538101196289062
99,0.00010371208190917969
100,0.00010323524475097656
101,0.0001068115234375
102,9.965896606445312e-05
103,9.72747802734375e-05
104,0.000102996826171875
105,9.417533874511719e-05
106,9.632110595703125e-05
107,9.632110595703125e-05
108,0.0001010894775390625
109,9.942054748535156e-05
110,9.942054748535156e-05
111,9.942054748535156e-05
112,9.393692016601562e-05
113,8.797645568847656e-05
114,7.796287536621094e-05
115,8.368492126464844e-05
116,8.821487426757812e-05
117,8.440017700195312e-05
118,9.751319885253906e-05
119,0.00010156631469726562
120,8.869171142578125e-05
121,7.557868957519531e-05
122,8.130073547363281e-05
123,0.00011682510375976562
124,8.702278137207031e-05
125,8.130073547363281e-05
126,8.058547973632812e-05
127,8.797645568847656e-05
128,7.82012939453125e-05
129,6.866455078125e-05
130,6.413459777832031e-05
131,6.246566772460938e-05
132,6.556510925292969e-05
133,7.462501525878906e-05
134,6.127357482910156e-05
135,6.914138793945312e-05
136,6.365776062011719e-05
137,6.246566772460938e-05
138,5.888938903808594e-05
139,6.866455078125e-05
140,6.580352783203125e-05
141,6.580352783203125e-05
142,7.081031799316406e-05
143,6.031990051269531e-05
144,6.651878356933594e-05
145,7.62939453125e-05
146,6.67572021484375e-05
147,7.152557373046875e-05
148,7.104873657226562e-05
149,7.224082946777344e-05
150,6.246566772460938e-05
151,6.198883056640625e-05
152,6.175041198730469e-05
153,6.246566772460938e-05
154,6.0558319091796875e-05
155,6.318092346191406e-05
156,6.246566772460938e-05
157,6.103515625e-05
158,6.079673767089844e-05
159,7.033348083496094e-05
160,6.341934204101562e-05
161,6.604194641113281e-05
162,6.127357482910156e-05
163,6.937980651855469e-05
164,6.175041198730469e-05
165,6.604194641113281e-05
166,6.031990051269531e-05
167,6.0558319091796875e-05
168,6.556510925292969e-05
169,5.888938903808594e-05
170,6.389617919921875e-05
171,6.270408630371094e-05
172,6.651878356933594e-05
173,5.936622619628906e-05
174,5.817413330078125e-05
175,6.008148193359375e-05
176,6.008148193359375e-05
177,6.008148193359375e-05
178,5.936622619628906e-05
179,6.365776062011719e-05
180,6.985664367675781e-05
181,6.29425048828125e-05
182,6.031990051269531e-05
183,6.008148193359375e-05
184,6.628036499023438e-05
185,6.008148193359375e-05
186,6.437301635742188e-05
187,5.888938903808594e-05
188,6.079673767089844e-05
189,6.0558319091796875e-05
190,6.127357482910156e-05
191,7.033348083496094e-05
192,6.127357482910156e-05
193,6.175041198730469e-05
194,5.984306335449219e-05
195,6.246566772460938e-05
196,5.9604644775390625e-05
197,5.936622619628906e-05
198,6.365776062011719e-05
199,6.4849853515625e-05
200,6.246566772460938e-05
201,6.67572021484375e-05
202,6.175041198730469e-05
203,6.4849853515625e-05
204,6.198883056640625e-05
205,6.198883056640625e-05
206,5.91278076171875e-05
207,8.440017700195312e-05
208,7.224082946777344e-05
209,6.723403930664062e-05
210,6.461143493652344e-05
211,6.699562072753906e-05
212,6.461143493652344e-05
213,6.031990051269531e-05
214,6.318092346191406e-05
215,6.151199340820312e-05
216,6.175041198730469e-05
217,6.365776062011719e-05
218,6.4849853515625e-05
219,5.91278076171875e-05
220,6.222724914550781e-05
221,6.103515625e-05
222,6.437301635742188e-05
223,7.009506225585938e-05
224,6.246566772460938e-05
225,6.008148193359375e-05
226,6.461143493652344e-05
227,6.103515625e-05
228,6.651878356933594e-05
229,7.414817810058594e-05
230,6.747245788574219e-05
231,6.246566772460938e-05
232,6.937980651855469e-05
233,6.198883056640625e-05
234,7.128715515136719e-05
235,6.580352783203125e-05
236,6.604194641113281e-05
237,6.508827209472656e-05
238,5.9604644775390625e-05
239,5.9604644775390625e-05
240,6.008148193359375e-05
241,6.413459777832031e-05
242,6.628036499023438e-05
243,6.127357482910156e-05
244,8.487701416015625e-05
245,6.556510925292969e-05
246,6.341934204101562e-05
247,6.031990051269531e-05
248,6.365776062011719e-05
249,6.103515625e-05
250,6.437301635742188e-05
251,6.246566772460938e-05
252,6.318092346191406e-05
253,6.67572021484375e-05
254,6.604194641113281e-05
255,7.891654968261719e-05
256,6.699562072753906e-05
257,6.127357482910156e-05
258,6.341934204101562e-05
259,6.67572021484375e-05
260,6.175041198730469e-05
261,6.318092346191406e-05
262,6.270408630371094e-05
263,6.651878356933594e-05
264,7.104873657226562e-05
265,6.198883056640625e-05
266,6.604194641113281e-05
267,5.984306335449219e-05
268,7.05718994140625e-05
269,6.4849853515625e-05
270,6.508827209472656e-05
271,6.699562072753906e-05
272,6.651878356933594e-05
273,7.176399230957031e-05
274,6.866455078125e-05
275,6.437301635742188e-05
276,6.0558319091796875e-05
277,6.341934204101562e-05
278,5.9604644775390625e-05
279,6.341934204101562e-05
280,5.91278076171875e-05
281,6.365776062011719e-05
282,6.532669067382812e-05
283,6.270408630371094e-05
284,6.556510925292969e-05
285,6.103515625e-05
286,6.842613220214844e-05
287,7.200241088867188e-05
288,6.508827209472656e-05
289,7.2479248046875e-05
290,6.461143493652344e-05
291,7.224082946777344e-05
292,6.413459777832031e-05
293,6.651878356933594e-05
294,6.0558319091796875e-05
295,6.437301635742188e-05
296,6.389617919921875e-05
297,6.532669067382812e-05
298,6.937980651855469e-05
299,6.198883056640625e-05
300,6.4849853515625e-05
301,6.127357482910156e-05
302,7.128715515136719e-05
303,6.413459777832031e-05
304,7.05718994140625e-05
305,7.390975952148438e-05
306,6.413459777832031e-05
307,6.318092346191406e-05
308,5.698204040527344e-05
309,6.151199340820312e-05
310,5.412101745605469e-05
311,5.793571472167969e-05
312,5.507469177246094e-05
313,6.0558319091796875e-05
314,5.817413330078125e-05
315,5.984306335449219e-05
316,5.53131103515625e-05
317,5.888938903808594e-05
318,5.7220458984375e-05
319,7.104873657226562e-05
320,5.9604644775390625e-05
321,6.389617919921875e-05
322,6.031990051269531e-05
323,6.151199340820312e-05
324,5.698204040527344e-05
325,5.698204040527344e-05
326,5.245208740234375e-05
327,5.626678466796875e-05
328,5.698204040527344e-05
329,5.7697296142578125e-05
330,7.510185241699219e-05
331,6.175041198730469e-05
332,5.841255187988281e-05
333,5.888938903808594e-05
334,6.4849853515625e-05
335,6.461143493652344e-05
336,6.4849853515625e-05
337,7.081031799316406e-05
338,6.580352783203125e-05
339,6.866455078125e-05
340,6.079673767089844e-05
341,6.341934204101562e-05
342,6.008148193359375e-05
343,5.984306335449219e-05
344,6.008148193359375e-05
345,6.175041198730469e-05
346,6.222724914550781e-05
347,6.222724914550781e-05
348,6.151199340820312e-05
349,6.0558319091796875e-05
350,6.031990051269531e-05
351,7.390975952148438e-05
352,6.699562072753906e-05
353,7.104873657226562e-05
354,6.723403930664062e-05
355,6.270408630371094e-05
356,6.246566772460938e-05
357,6.151199340820312e-05
358,6.151199340820312e-05
359,6.008148193359375e-05
360,6.127357482910156e-05
361,6.341934204101562e-05
362,5.6743621826171875e-05
363,5.626678466796875e-05
364,6.413459777832031e-05
365,6.031990051269531e-05
366,5.602836608886719e-05
367,6.4849853515625e-05
368,5.507469177246094e-05
369,8.702278137207031e-05
370,6.604194641113281e-05
371,6.341934204101562e-05
372,6.341934204101562e-05
373,6.008148193359375e-05
374,6.29425048828125e-05
375,6.437301635742188e-05
376,6.270408630371094e-05
377,6.246566772460938e-05
378,6.246566772460938e-05
379,6.198883056640625e-05
380,6.437301635742188e-05
381,6.198883056640625e-05
382,7.128715515136719e-05
383,8.416175842285156e-05
384,6.771087646484375e-05
385,6.604194641113281e-05
386,6.079673767089844e-05
387,6.842613220214844e-05
388,5.555152893066406e-05
389,6.175041198730469e-05
390,5.602836608886719e-05
391,5.984306335449219e-05
392,5.5789947509765625e-05
393,6.937980651855469e-05
394,5.984306335449219e-05
395,7.104873657226562e-05
396,5.9604644775390625e-05
397,7.033348083496094e-05
398,6.67572021484375e-05
399,6.127357482910156e-05
400,8.034706115722656e-05
401,7.724761962890625e-05
402,7.605552673339844e-05
403,7.462501525878906e-05
404,7.224082946777344e-05
405,7.05718994140625e-05
406,6.985664367675781e-05
407,7.295608520507812e-05
408,6.699562072753906e-05
409,7.081031799316406e-05
410,7.152557373046875e-05
411,6.580352783203125e-05
412,6.222724914550781e-05
413,7.343292236328125e-05
414,8.130073547363281e-05
415,7.462501525878906e-05
416,6.866455078125e-05
417,5.9604644775390625e-05
418,7.033348083496094e-05
419,6.318092346191406e-05
420,6.29425048828125e-05
421,6.008148193359375e-05
422,5.7697296142578125e-05
423,5.793571472167969e-05
424,5.841255187988281e-05
425,5.7697296142578125e-05
426,5.888938903808594e-05
427,6.318092346191406e-05
428,5.53131103515625e-05
429,8.153915405273438e-05
430,6.866455078125e-05
431,6.389617919921875e-05
432,6.175041198730469e-05
433,5.8650970458984375e-05
434,6.079673767089844e-05
435,5.459785461425781e-05
436,6.461143493652344e-05
437,5.602836608886719e-05
438,6.413459777832031e-05
439,5.7220458984375e-05
440,5.9604644775390625e-05
441,6.461143493652344e-05
442,6.270408630371094e-05
443,6.270408630371094e-05
444,5.507469177246094e-05
445,6.127357482910156e-05
446,5.817413330078125e-05
447,7.319450378417969e-05
448,5.602836608886719e-05
449,5.698204040527344e-05
450,5.602836608886719e-05
451,5.8650970458984375e-05
452,5.245208740234375e-05
453,5.4836273193359375e-05
454,7.367134094238281e-05
455,5.602836608886719e-05
456,5.817413330078125e-05
457,5.6743621826171875e-05
458,5.91278076171875e-05
459,6.4849853515625e-05
460,7.200241088867188e-05
461,6.961822509765625e-05
462,6.461143493652344e-05
463,6.628036499023438e-05
464,6.628036499023438e-05
465,6.29425048828125e-05
466,6.365776062011719e-05
467,6.794929504394531e-05
468,6.389617919921875e-05
469,6.341934204101562e-05
470,6.508827209472656e-05
471,6.842613220214844e-05
472,6.532669067382812e-05
473,6.4849853515625e-05
474,6.747245788574219e-05
475,7.2479248046875e-05
476,9.059906005859375e-05
477,6.818771362304688e-05
478,6.866455078125e-05
479,8.225440979003906e-05
480,7.43865966796875e-05
481,7.462501525878906e-05
482,6.890296936035156e-05
483,7.700920104980469e-05
484,7.43865966796875e-05
485,6.794929504394531e-05
486,7.033348083496094e-05
487,6.747245788574219e-05
488,7.128715515136719e-05
489,7.605552673339844e-05
490,6.461143493652344e-05
491,6.079673767089844e-05
492,6.175041198730469e-05
493,5.984306335449219e-05
494,6.246566772460938e-05
495,6.151199340820312e-05
496,6.29425048828125e-05
497,6.008148193359375e-05
498,6.341934204101562e-05
499,6.198883056640625e-05
500,6.0558319091796875e-05
501,6.008148193359375e-05
502,6.246566772460938e-05
503,6.103515625e-05
504,6.818771362304688e-05
505,7.319450378417969e-05
506,6.222724914550781e-05
507,6.198883056640625e-05
508,5.91278076171875e-05
509,6.222724914550781e-05
510,6.413459777832031e-05
511,7.224082946777344e-05
512,6.318092346191406e-05
513,6.341934204101562e-05
514,7.748603820800781e-05
515,6.699562072753906e-05
516,6.151199340820312e-05
517,7.128715515136719e-05
518,6.532669067382812e-05
519,6.532669067382812e-05
520,7.843971252441406e-05
521,6.318092346191406e-05
522,6.151199340820312e-05
523,6.103515625e-05
524,5.8650970458984375e-05
525,5.841255187988281e-05
526,6.008148193359375e-05
527,5.9604644775390625e-05
528,5.650520324707031e-05
529,5.507469177246094e-05
530,6.222724914550781e-05
531,6.198883056640625e-05
532,6.198883056640625e-05
533,6.341934204101562e-05
534,6.198883056640625e-05
535,6.961822509765625e-05
536,7.009506225585938e-05
537,6.318092346191406e-05
538,6.246566772460938e-05
539,6.365776062011719e-05
540,6.67572021484375e-05
541,6.341934204101562e-05
542,5.91278076171875e-05
543,6.937980651855469e-05
544,6.461143493652344e-05
545,5.984306335449219e-05
546,6.0558319091796875e-05
547,5.8650970458984375e-05
548,6.771087646484375e-05
549,6.079673767089844e-05
550,6.246566772460938e-05
551,6.175041198730469e-05
552,8.273124694824219e-05
553,6.628036499023438e-05
554,6.079673767089844e-05
555,6.318092346191406e-05
556,6.103515625e-05
557,6.318092346191406e-05
558,6.341934204101562e-05
559,6.604194641113281e-05
560,6.198883056640625e-05
561,6.079673767089844e-05
562,6.29425048828125e-05
563,6.532669067382812e-05
564,6.103515625e-05
565,5.936622619628906e-05
566,6.628036499023438e-05
567,6.914138793945312e-05
568,6.365776062011719e-05
569,6.198883056640625e-05
570,6.270408630371094e-05
571,5.936622619628906e-05
572,5.817413330078125e-05
573,5.936622619628906e-05
574,6.127357482910156e-05
575,7.104873657226562e-05
576,6.151199340820312e-05
577,6.651878356933594e-05
578,0.0001201629638671875
579,7.343292236328125e-05
580,6.866455078125e-05
581,6.747245788574219e-05
582,6.604194641113281e-05
583,7.939338684082031e-05
584,8.20159912109375e-05
585,7.414817810058594e-05
586,8.249282836914062e-05
587,7.796287536621094e-05
588,7.152557373046875e-05
589,7.653236389160156e-05
590,6.937980651855469e-05
591,7.557868957519531e-05
592,7.462501525878906e-05
593,7.700920104980469e-05
594,7.510185241699219e-05
595,6.747245788574219e-05
596,6.866455078125e-05
597,6.961822509765625e-05
598,6.580352783203125e-05
599,7.581710815429688e-05
600,7.343292236328125e-05
601,7.081031799316406e-05
602,7.82012939453125e-05
603,7.867813110351562e-05
604,7.653236389160156e-05
605,7.43865966796875e-05
606,7.772445678710938e-05
607,9.012222290039062e-05
608,7.915496826171875e-05
609,8.797645568847656e-05
610,8.249282836914062e-05
611,7.152557373046875e-05
612,7.700920104980469e-05
613,7.748603820800781e-05
614,7.104873657226562e-05
615,6.842613220214844e-05
616,6.937980651855469e-05
617,6.961822509765625e-05
618,6.461143493652344e-05
619,5.984306335449219e-05
620,6.961822509765625e-05
621,7.224082946777344e-05
622,7.390975952148438e-05
623,6.747245788574219e-05
624,6.866455078125e-05
625,6.389617919921875e-05
626,6.818771362304688e-05
627,6.4849853515625e-05
628,6.794929504394531e-05
629,6.580352783203125e-05
630,6.628036499023438e-05
631,7.009506225585938e-05
632,6.651878356933594e-05
633,6.556510925292969e-05
634,7.05718994140625e-05
635,6.270408630371094e-05
636,6.341934204101562e-05
637,7.367134094238281e-05
638,6.818771362304688e-05
639,8.058547973632812e-05
640,6.747245788574219e-05
641,6.628036499023438e-05
642,6.604194641113281e-05
643,7.033348083496094e-05
644,6.651878356933594e-05
645,6.580352783203125e-05
646,6.556510925292969e-05
647,6.341934204101562e-05
648,6.699562072753906e-05
649,6.747245788574219e-05
650,6.747245788574219e-05
651,7.009506225585938e-05
652,6.651878356933594e-05
653,6.628036499023438e-05
654,6.604194641113281e-05
655,6.532669067382812e-05
656,6.29425048828125e-05
657,6.914138793945312e-05
658,6.556510925292969e-05
659,7.200241088867188e-05
660,6.508827209472656e-05
661,6.890296936035156e-05
662,6.413459777832031e-05
663,6.4849853515625e-05
664,6.651878356933594e-05
665,6.723403930664062e-05
666,7.557868957519531e-05
667,6.985664367675781e-05
668,6.628036499023438e-05
669,6.937980651855469e-05
670,6.699562072753906e-05
671,7.414817810058594e-05
672,6.437301635742188e-05
673,6.4849853515625e-05
674,6.985664367675781e-05
675,6.914138793945312e-05
676,6.29425048828125e-05
677,6.580352783203125e-05
678,6.365776062011719e-05
679,6.580352783203125e-05
680,6.651878356933594e-05
681,6.699562072753906e-05
682,6.508827209472656e-05
683,6.29425048828125e-05
684,6.890296936035156e-05
685,6.723403930664062e-05
686,6.842613220214844e-05
687,6.890296936035156e-05
688,6.461143493652344e-05
689,8.273124694824219e-05
690,6.508827209472656e-05
691,6.413459777832031e-05
692,7.081031799316406e-05
693,6.532669067382812e-05
694,6.29425048828125e-05
695,7.796287536621094e-05
696,6.818771362304688e-05
697,6.747245788574219e-05
698,6.413459777832031e-05
699,6.794929504394531e-05
700,6.747245788574219e-05
701,6.818771362304688e-05
702,6.461143493652344e-05
703,7.200241088867188e-05
704,6.914138793945312e-05
705,6.628036499023438e-05
706,6.365776062011719e-05
707,6.771087646484375e-05
708,6.794929504394531e-05
709,6.127357482910156e-05
710,7.104873657226562e-05
711,6.389617919921875e-05
712,6.532669067382812e-05
713,6.437301635742188e-05
714,6.723403930664062e-05
715,6.628036499023438e-05
716,6.461143493652344e-05
717,6.818771362304688e-05
718,6.818771362304688e-05
719,6.4849853515625e-05
720,6.747245788574219e-05
721,6.747245788574219e-05
722,6.580352783203125e-05
723,6.723403930664062e-05
724,6.580352783203125e-05
725,8.630752563476562e-05
726,6.794929504394531e-05
727,6.29425048828125e-05
728,6.67572021484375e-05
729,6.747245788574219e-05
730,6.890296936035156e-05
731,6.699562072753906e-05
732,6.532669067382812e-05
733,6.580352783203125e-05
734,6.866455078125e-05
735,7.557868957519531e-05
736,6.771087646484375e-05
737,6.604194641113281e-05
738,6.67572021484375e-05
739,6.914138793945312e-05
740,6.842613220214844e-05
741,6.747245788574219e-05
742,6.794929504394531e-05
743,6.747245788574219e-05
744,6.961822509765625e-05
745,6.628036499023438e-05
746,6.461143493652344e-05
747,6.389617919921875e-05
748,8.225440979003906e-05
749,6.628036499023438e-05
750,6.842613220214844e-05
751,7.367134094238281e-05
752,7.224082946777344e-05
753,6.937980651855469e-05
754,7.128715515136719e-05
755,6.508827209472656e-05
756,6.794929504394531e-05
757,6.508827209472656e-05
758,6.67572021484375e-05
759,6.580352783203125e-05
760,6.628036499023438e-05
761,6.556510925292969e-05
762,6.318092346191406e-05
763,6.604194641113281e-05
764,6.67572021484375e-05
765,6.580352783203125e-05
766,6.67572021484375e-05
767,7.390975952148438e-05
768,6.961822509765625e-05
769,6.818771362304688e-05
770,6.794929504394531e-05
771,6.461143493652344e-05
772,6.4849853515625e-05
773,6.651878356933594e-05
774,6.532669067382812e-05
775,6.4849853515625e-05
776,6.532669067382812e-05
777,6.771087646484375e-05
778,6.67572021484375e-05
779,6.389617919921875e-05
780,6.651878356933594e-05
781,6.461143493652344e-05
782,6.389617919921875e-05
783,6.699562072753906e-05
784,7.534027099609375e-05
785,6.604194641113281e-05
786,6.031990051269531e-05
787,6.556510925292969e-05
788,6.151199340820312e-05
789,6.651878356933594e-05
790,7.176399230957031e-05
791,6.937980651855469e-05
792,7.05718994140625e-05
793,8.082389831542969e-05
794,6.67572021484375e-05
795,9.1552734375e-05
796,9.465217590332031e-05
797,8.511543273925781e-05
798,8.177757263183594e-05
799,0.00010228157043457031
800,7.62939453125e-05
801,8.106231689453125e-05
802,9.822845458984375e-05
803,7.62939453125e-05
804,9.799003601074219e-05
805,7.462501525878906e-05
806,7.009506225585938e-05
807,7.009506225585938e-05
808,6.461143493652344e-05
809,6.318092346191406e-05
810,6.4849853515625e-05
811,6.365776062011719e-05
812,6.580352783203125e-05
813,6.461143493652344e-05
814,6.365776062011719e-05
815,6.341934204101562e-05
816,7.319450378417969e-05
817,6.794929504394531e-05
818,7.867813110351562e-05
819,7.319450378417969e-05
820,9.34600830078125e-05
821,0.00010895729064941406
822,6.175041198730469e-05
823,6.890296936035156e-05
824,6.461143493652344e-05
825,7.224082946777344e-05
826,7.557868957519531e-05
827,7.152557373046875e-05
828,8.106231689453125e-05
829,8.749961853027344e-05
830,0.00010848045349121094
831,8.988380432128906e-05
832,7.176399230957031e-05
833,6.389617919921875e-05
834,7.43865966796875e-05
835,7.581710815429688e-05
836,8.535385131835938e-05
837,0.00011730194091796875
838,8.821487426757812e-05
839,9.822845458984375e-05
840,0.00012493133544921875
841,8.249282836914062e-05
842,9.5367431640625e-05
843,8.916854858398438e-05
844,0.00010395050048828125
845,0.00010633468627929688
846,7.414817810058594e-05
847,7.772445678710938e-05
848,6.628036499023438e-05
849,7.009506225585938e-05
850,6.651878356933594e-05
851,6.771087646484375e-05
852,5.9604644775390625e-05
853,6.031990051269531e-05
854,8.559226989746094e-05
855,0.00010204315185546875
856,0.00016450881958007812
857,0.00016069412231445312
858,0.00012993812561035156
859,7.534027099609375e-05
860,0.00010585784912109375
861,0.00010824203491210938
862,7.772445678710938e-05
863,9.584426879882812e-05
864,8.916854858398438e-05
865,8.487701416015625e-05
866,6.556510925292969e-05
867,0.00010919570922851562
868,9.202957153320312e-05
869,9.131431579589844e-05
870,8.153915405273438e-05
871,9.894371032714844e-05
872,8.0108642578125e-05
873,9.250640869140625e-05
874,0.000110626220703125
875,0.00010967254638671875
876,7.367134094238281e-05
877,6.532669067382812e-05
878,6.151199340820312e-05
879,6.246566772460938e-05
880,6.031990051269531e-05
881,6.556510925292969e-05
882,6.246566772460938e-05
883,6.842613220214844e-05
884,0.0001010894775390625
885,0.00011467933654785156
886,0.00011301040649414062
887,8.654594421386719e-05
888,8.082389831542969e-05
889,6.556510925292969e-05
890,6.29425048828125e-05
891,8.034706115722656e-05
892,6.461143493652344e-05
893,8.58306884765625e-05
894,6.818771362304688e-05
895,6.723403930664062e-05
896,6.222724914550781e-05
897,6.175041198730469e-05
898,6.0558319091796875e-05
899,6.461143493652344e-05
900,6.604194641113281e-05
901,7.605552673339844e-05
902,6.723403930664062e-05
903,5.888938903808594e-05
904,6.4849853515625e-05
905,6.67572021484375e-05
906,6.031990051269531e-05
907,6.842613220214844e-05
908,6.29425048828125e-05
909,5.936622619628906e-05
910,6.508827209472656e-05
911,6.461143493652344e-05
912,6.651878356933594e-05
913,6.246566772460938e-05
914,7.939338684082031e-05
915,7.939338684082031e-05
916,6.651878356933594e-05
917,6.29425048828125e-05
918,6.127357482910156e-05
919,6.270408630371094e-05
920,5.9604644775390625e-05
921,5.936622619628906e-05
922,6.961822509765625e-05
923,7.295608520507812e-05
924,6.0558319091796875e-05
925,6.270408630371094e-05
926,6.389617919921875e-05
927,7.009506225585938e-05
928,6.151199340820312e-05
929,6.103515625e-05
930,5.936622619628906e-05
931,6.508827209472656e-05
932,5.7697296142578125e-05
933,6.365776062011719e-05
934,6.151199340820312e-05
935,6.413459777832031e-05
936,6.031990051269531e-05
937,6.890296936035156e-05
938,6.937980651855469e-05
939,6.651878356933594e-05
940,6.198883056640625e-05
941,6.270408630371094e-05
942,6.0558319091796875e-05
943,6.556510925292969e-05
944,6.437301635742188e-05
945,5.936622619628906e-05
946,5.817413330078125e-05
947,6.246566772460938e-05
948,6.222724914550781e-05
949,5.9604644775390625e-05
950,6.103515625e-05
951,5.9604644775390625e-05
952,5.9604644775390625e-05
953,7.104873657226562e-05
954,7.796287536621094e-05
955,6.127357482910156e-05
956,6.198883056640625e-05
957,5.888938903808594e-05
958,6.365776062011719e-05
959,7.796287536621094e-05
960,6.842613220214844e-05
961,7.486343383789062e-05
962,6.031990051269531e-05
963,7.605552673339844e-05
964,6.628036499023438e-05
965,6.103515625e-05
966,6.508827209472656e-05
967,6.222724914550781e-05
968,6.365776062011719e-05
969,6.270408630371094e-05
970,6.628036499023438e-05
971,6.008148193359375e-05
972,7.224082946777344e-05
973,6.031990051269531e-05
974,6.389617919921875e-05
975,5.817413330078125e-05
976,6.103515625e-05
977,5.888938903808594e-05
978,5.91278076171875e-05
979,6.079673767089844e-05
980,5.7697296142578125e-05
981,6.0558319091796875e-05
982,5.650520324707031e-05
983,6.866455078125e-05
984,5.8650970458984375e-05
985,7.009506225585938e-05
986,5.888938903808594e-05
987,5.793571472167969e-05
988,5.936622619628906e-05
989,6.079673767089844e-05
990,6.103515625e-05
991,6.985664367675781e-05
992,5.91278076171875e-05
993,6.842613220214844e-05
994,6.532669067382812e-05
995,6.556510925292969e-05
996,5.9604644775390625e-05
997,5.9604644775390625e-05
998,6.127357482910156e-05
999,7.414817810058594e-05
1000,7.2479248046875e-05
1001,8.487701416015625e-05
1002,6.222724914550781e-05
1003,6.127357482910156e-05
1004,6.008148193359375e-05
1005,6.0558319091796875e-05
1006,5.888938903808594e-05
1007,6.008148193359375e-05
1008,5.9604644775390625e-05
1009,5.7697296142578125e-05
1010,5.984306335449219e-05
1011,6.127357482910156e-05
1012,6.031990051269531e-05
1013,6.0558319091796875e-05
1014,5.888938903808594e-05
1015,6.794929504394531e-05
1016,6.556510925292969e-05
1017,7.081031799316406e-05
1018,6.628036499023438e-05
1019,6.842613220214844e-05
1020,6.127357482910156e-05
1021,6.079673767089844e-05
1022,6.4849853515625e-05
1023,6.699562072753906e-05
1024,7.843971252441406e-05
1025,8.0108642578125e-05
1026,6.723403930664062e-05
1027,6.389617919921875e-05
1028,6.318092346191406e-05
1029,7.390975952148438e-05
1030,6.818771362304688e-05
1031,7.605552673339844e-05
1032,6.341934204101562e-05
1033,6.198883056640625e-05
1034,6.079673767089844e-05
1035,6.246566772460938e-05
1036,6.413459777832031e-05
1037,6.175041198730469e-05
1038,6.175041198730469e-05
1039,6.103515625e-05
1040,6.103515625e-05
1041,6.127357482910156e-05
1042,6.0558319091796875e-05
1043,6.008148193359375e-05
1044,6.079673767089844e-05
1045,7.128715515136719e-05
1046,6.103515625e-05
1047,6.651878356933594e-05
1048,6.365776062011719e-05
1049,6.031990051269531e-05
1050,6.031990051269531e-05
1051,6.031990051269531e-05
1052,6.031990051269531e-05
1053,6.103515625e-05
1054,5.936622619628906e-05
1055,6.151199340820312e-05
1056,6.413459777832031e-05
1057,6.127357482910156e-05
1058,6.127357482910156e-05
1059,5.91278076171875e-05
1060,5.626678466796875e-05
1061,5.936622619628906e-05
1062,6.747245788574219e-05
1063,6.413459777832031e-05
1064,6.699562072753906e-05
1065,6.914138793945312e-05
1066,7.05718994140625e-05
1067,6.0558319091796875e-05
1068,6.985664367675781e-05
1069,6.389617919921875e-05
1070,6.604194641113281e-05
1071,6.175041198730469e-05
1072,6.127357482910156e-05
1073,7.176399230957031e-05
1074,6.270408630371094e-05
1075,6.985664367675781e-05
1076,6.318092346191406e-05
1077,6.961822509765625e-05
1078,6.699562072753906e-05
1079,6.961822509765625e-05
1080,5.9604644775390625e-05
1081,6.246566772460938e-05
1082,6.508827209472656e-05
1083,6.29425048828125e-05
1084,6.079673767089844e-05
1085,6.437301635742188e-05
1086,6.175041198730469e-05
1087,6.246566772460938e-05
1088,6.794929504394531e-05
1089,5.793571472167969e-05
1090,6.151199340820312e-05
1091,7.319450378417969e-05
1092,7.128715515136719e-05
1093,6.914138793945312e-05
1094,6.699562072753906e-05
1095,5.817413330078125e-05
1096,5.9604644775390625e-05
1097,5.6743621826171875e-05
1098,6.175041198730469e-05
1099,6.103515625e-05
1100,6.318092346191406e-05
1101,6.222724914550781e-05
1102,6.0558319091796875e-05
1103,6.0558319091796875e-05
1104,5.8650970458984375e-05
1105,5.841255187988281e-05
1106,6.079673767089844e-05
1107,5.3882598876953125e-05
1108,6.103515625e-05
1109,5.793571472167969e-05
1110,7.05718994140625e-05
1111,6.699562072753906e-05
1112,6.604194641113281e-05
1113,6.103515625e-05
1114,6.246566772460938e-05
1115,6.461143493652344e-05
1116,6.365776062011719e-05
1117,6.556510925292969e-05
1118,6.747245788574219e-05
1119,6.270408630371094e-05
1120,6.246566772460938e-05
1121,6.222724914550781e-05
1122,6.246566772460938e-05
1123,7.224082946777344e-05
1124,6.461143493652344e-05
1125,6.29425048828125e-05
1126,6.198883056640625e-05
1127,5.7220458984375e-05
1128,5.078315734863281e-05
1129,5.626678466796875e-05
1130,5.173683166503906e-05
1131,5.8650970458984375e-05
1132,5.030632019042969e-05
1133,5.936622619628906e-05
1134,5.221366882324219e-05
1135,5.841255187988281e-05
1136,5.555152893066406e-05
1137,5.936622619628906e-05
1138,6.222724914550781e-05
1139,5.936622619628906e-05
1140,5.650520324707031e-05
1141,6.818771362304688e-05
1142,6.818771362304688e-05
1143,6.127357482910156e-05
1144,6.0558319091796875e-05
1145,6.771087646484375e-05
1146,6.127357482910156e-05
1147,5.984306335449219e-05
1148,6.127357482910156e-05
1149,6.103515625e-05
1150,6.246566772460938e-05
1151,6.270408630371094e-05
1152,8.821487426757812e-05
1153,6.0558319091796875e-05
1154,5.984306335449219e-05
1155,7.05718994140625e-05
1156,6.389617919921875e-05
1157,5.9604644775390625e-05
1158,5.841255187988281e-05
1159,5.841255187988281e-05
1160,6.437301635742188e-05
1161,5.698204040527344e-05
1162,6.246566772460938e-05
1163,5.91278076171875e-05
1164,5.984306335449219e-05
1165,5.7697296142578125e-05
1166,5.9604644775390625e-05
1167,5.745887756347656e-05
1168,5.7697296142578125e-05
1169,5.817413330078125e-05
1170,5.9604644775390625e-05
1171,5.650520324707031e-05
1172,6.127357482910156e-05
1173,6.079673767089844e-05
1174,0.0001227855682373047
1175,6.079673767089844e-05
1176,5.626678466796875e-05
1177,5.817413330078125e-05
1178,6.175041198730469e-05
1179,5.7220458984375e-05
1180,5.984306335449219e-05
1181,5.8650970458984375e-05
1182,5.745887756347656e-05
1183,6.508827209472656e-05
1184,5.9604644775390625e-05
1185,6.341934204101562e-05
1186,5.698204040527344e-05
1187,5.698204040527344e-05
1188,6.031990051269531e-05
1189,5.91278076171875e-05
1190,6.127357482910156e-05
1191,7.152557373046875e-05
1192,6.604194641113281e-05
1193,5.984306335449219e-05
1194,5.9604644775390625e-05
1195,6.0558319091796875e-05
1196,6.508827209472656e-05
1197,5.698204040527344e-05
1198,5.698204040527344e-05
1199,5.817413330078125e-05
1200,6.103515625e-05
1201,5.7697296142578125e-05
1202,6.103515625e-05
1203,5.817413330078125e-05
1204,5.8650970458984375e-05
1205,6.246566772460938e-05
1206,6.365776062011719e-05
1207,5.936622619628906e-05
1208,6.222724914550781e-05
1209,6.4849853515625e-05
1210,6.079673767089844e-05
1211,6.365776062011719e-05
1212,6.175041198730469e-05
1213,6.031990051269531e-05
1214,6.508827209472656e-05
1215,6.103515625e-05
1216,7.796287536621094e-05
1217,6.29425048828125e-05
1218,5.8650970458984375e-05
1219,6.29425048828125e-05
1220,6.771087646484375e-05
1221,6.389617919921875e-05
1222,5.9604644775390625e-05
1223,6.794929504394531e-05
1224,5.841255187988281e-05
1225,6.151199340820312e-05
1226,6.103515625e-05
1227,6.198883056640625e-05
1228,6.580352783203125e-05
1229,6.151199340820312e-05
1230,6.151199340820312e-05
1231,6.389617919921875e-05
1232,6.175041198730469e-05
1233,6.198883056640625e-05
1234,6.175041198730469e-05
1235,6.341934204101562e-05
1236,6.222724914550781e-05
1237,6.151199340820312e-05
1238,6.29425048828125e-05
1239,6.628036499023438e-05
1240,6.151199340820312e-05
1241,6.127357482910156e-05
1242,6.389617919921875e-05
1243,6.270408630371094e-05
1244,6.67572021484375e-05
1245,6.866455078125e-05
1246,6.365776062011719e-05
1247,6.461143493652344e-05
1248,6.175041198730469e-05
1249,6.031990051269531e-05
1250,6.29425048828125e-05
1251,6.389617919921875e-05
1252,6.175041198730469e-05
1253,6.175041198730469e-05
1254,6.270408630371094e-05
1255,6.699562072753906e-05
1256,6.4849853515625e-05
1257,6.198883056640625e-05
1258,6.031990051269531e-05
1259,6.031990051269531e-05
1260,6.270408630371094e-05
1261,6.246566772460938e-05
1262,6.651878356933594e-05
1263,6.175041198730469e-05
1264,6.127357482910156e-05
1265,6.151199340820312e-05
1266,6.365776062011719e-05
1267,6.29425048828125e-05
1268,6.103515625e-05
1269,6.175041198730469e-05
1270,6.127357482910156e-05
1271,6.508827209472656e-05
1272,6.198883056640625e-05
1273,5.9604644775390625e-05
1274,6.031990051269531e-05
1275,6.151199340820312e-05
1276,6.270408630371094e-05
1277,6.937980651855469e-05
1278,6.389617919921875e-05
1279,7.867813110351562e-05
1280,6.723403930664062e-05
1281,6.222724914550781e-05
1282,6.604194641113281e-05
1283,6.437301635742188e-05
1284,6.151199340820312e-05
1285,6.175041198730469e-05
1286,6.318092346191406e-05
1287,6.318092346191406e-05
1288,6.031990051269531e-05
1289,6.175041198730469e-05
1290,6.246566772460938e-05
1291,5.936622619628906e-05
1292,6.151199340820312e-05
1293,6.127357482910156e-05
1294,6.127357482910156e-05
1295,6.0558319091796875e-05
1296,6.29425048828125e-05
1297,6.246566772460938e-05
1298,6.222724914550781e-05
1299,6.365776062011719e-05
1300,6.222724914550781e-05
1301,5.91278076171875e-05
1302,6.270408630371094e-05
1303,5.984306335449219e-05
1304,5.793571472167969e-05
1305,5.412101745605469e-05
1306,5.6743621826171875e-05
1307,5.3882598876953125e-05
1308,5.9604644775390625e-05
1309,5.507469177246094e-05
1310,5.412101745605469e-05
1311,5.817413330078125e-05
1312,5.8650970458984375e-05
1313,5.9604644775390625e-05
1314,7.128715515136719e-05
1315,7.43865966796875e-05
1316,7.462501525878906e-05
1317,7.772445678710938e-05
1318,9.322166442871094e-05
1319,7.510185241699219e-05
1320,7.605552673339844e-05
1321,7.414817810058594e-05
1322,7.390975952148438e-05
1323,7.414817810058594e-05
1324,7.677078247070312e-05
1325,6.818771362304688e-05
1326,6.723403930664062e-05
1327,6.890296936035156e-05
1328,6.508827209472656e-05
1329,6.937980651855469e-05
1330,7.367134094238281e-05
1331,7.200241088867188e-05
1332,6.437301635742188e-05
1333,5.9604644775390625e-05
1334,5.841255187988281e-05
1335,6.079673767089844e-05
1336,6.103515625e-05
1337,5.793571472167969e-05
1338,6.031990051269531e-05
1339,6.031990051269531e-05
1340,6.127357482910156e-05
1341,7.176399230957031e-05
1342,6.008148193359375e-05
1343,6.127357482910156e-05
1344,6.556510925292969e-05
1345,6.651878356933594e-05
1346,5.888938903808594e-05
1347,6.365776062011719e-05
1348,5.841255187988281e-05
1349,5.602836608886719e-05
1350,5.793571472167969e-05
1351,5.7697296142578125e-05
1352,5.8650970458984375e-05
1353,5.7697296142578125e-05
1354,6.079673767089844e-05
1355,5.9604644775390625e-05
1356,5.7220458984375e-05
1357,5.5789947509765625e-05
1358,6.127357482910156e-05
1359,5.8650970458984375e-05
1360,5.7220458984375e-05
1361,5.745887756347656e-05
1362,5.984306335449219e-05
1363,5.91278076171875e-05
1364,5.745887756347656e-05
1365,6.365776062011719e-05
1366,6.175041198730469e-05
1367,5.936622619628906e-05
1368,6.341934204101562e-05
1369,5.8650970458984375e-05
1370,6.67572021484375e-05
1371,6.29425048828125e-05
1372,6.794929504394531e-05
1373,5.793571472167969e-05
1374,5.91278076171875e-05
1375,5.8650970458984375e-05
1376,5.8650970458984375e-05
1377,5.9604644775390625e-05
1378,6.008148193359375e-05
1379,6.604194641113281e-05
1380,5.793571472167969e-05
1381,6.461143493652344e-05
1382,6.556510925292969e-05
1383,6.151199340820312e-05
1384,6.341934204101562e-05
1385,6.222724914550781e-05
1386,6.175041198730469e-05
1387,6.198883056640625e-05
1388,6.270408630371094e-05
1389,6.437301635742188e-05
1390,6.222724914550781e-05
1391,6.341934204101562e-05
1392,6.127357482910156e-05
1393,6.413459777832031e-05
1394,6.222724914550781e-05
1395,6.008148193359375e-05
1396,6.222724914550781e-05
1397,5.9604644775390625e-05
1398,6.103515625e-05
1399,5.6743621826171875e-05
1400,5.8650970458984375e-05
1401,5.793571472167969e-05
1402,5.936622619628906e-05
1403,5.936622619628906e-05
1404,6.079673767089844e-05
1405,5.793571472167969e-05
1406,8.106231689453125e-05
1407,6.29425048828125e-05
1408,6.031990051269531e-05
1409,6.723403930664062e-05
1410,6.461143493652344e-05
1411,6.937980651855469e-05
1412,6.937980651855469e-05
1413,6.365776062011719e-05
1414,6.4849853515625e-05
1415,6.651878356933594e-05
1416,6.67572021484375e-05
1417,6.365776062011719e-05
1418,6.270408630371094e-05
1419,6.079673767089844e-05
1420,6.318092346191406e-05
1421,6.198883056640625e-05
1422,6.103515625e-05
1423,5.91278076171875e-05
1424,6.031990051269531e-05
1425,6.318092346191406e-05
1426,6.771087646484375e-05
1427,6.079673767089844e-05
1428,5.936622619628906e-05
1429,5.340576171875e-05
1430,5.364418029785156e-05
1431,5.555152893066406e-05
1432,5.269050598144531e-05
1433,5.340576171875e-05
1434,5.030632019042969e-05
1435,5.4836273193359375e-05
1436,5.1975250244140625e-05
1437,5.173683166503906e-05
1438,5.435943603515625e-05
1439,5.316734313964844e-05
1440,5.7220458984375e-05
1441,5.340576171875e-05
1442,5.269050598144531e-05
1443,5.602836608886719e-05
1444,5.888938903808594e-05
1445,5.626678466796875e-05
1446,5.745887756347656e-05
1447,6.198883056640625e-05
1448,5.4836273193359375e-05
1449,5.626678466796875e-05
1450,6.246566772460938e-05
1451,5.817413330078125e-05
1452,5.602836608886719e-05
1453,5.650520324707031e-05
1454,5.555152893066406e-05
1455,5.316734313964844e-05
1456,5.7220458984375e-05
1457,5.459785461425781e-05
1458,5.793571472167969e-05
1459,5.4836273193359375e-05
1460,5.507469177246094e-05
1461,5.936622619628906e-05
1462,5.817413330078125e-05
1463,5.7697296142578125e-05
1464,5.745887756347656e-05
1465,5.555152893066406e-05
1466,5.936622619628906e-05
1467,6.079673767089844e-05
1468,5.412101745605469e-05
1469,5.745887756347656e-05
1470,5.745887756347656e-05
1471,5.626678466796875e-05
1472,5.888938903808594e-05
1473,5.626678466796875e-05
1474,6.604194641113281e-05
1475,5.745887756347656e-05
1476,5.626678466796875e-05
1477,6.771087646484375e-05
1478,5.936622619628906e-05
1479,6.008148193359375e-05
1480,5.745887756347656e-05
1481,6.175041198730469e-05
1482,5.793571472167969e-05
1483,5.793571472167969e-05
1484,5.4836273193359375e-05
1485,6.175041198730469e-05
1486,6.079673767089844e-05
1487,5.507469177246094e-05
1488,5.507469177246094e-05
1489,5.626678466796875e-05
1490,5.459785461425781e-05
1491,5.91278076171875e-05
1492,5.555152893066406e-05
1493,5.841255187988281e-05
1494,5.4836273193359375e-05
1495,6.413459777832031e-05
1496,5.984306335449219e-05
1497,7.271766662597656e-05
1498,8.130073547363281e-05
1499,7.104873657226562e-05
1500,6.771087646484375e-05
1501,6.4849853515625e-05
1502,7.343292236328125e-05
1503,7.224082946777344e-05
1504,7.009506225585938e-05
1505,6.651878356933594e-05
1506,7.843971252441406e-05
1507,7.581710815429688e-05
1508,7.05718994140625e-05
1509,7.343292236328125e-05
1510,7.2479248046875e-05
1511,6.794929504394531e-05
1512,7.891654968261719e-05
1513,7.176399230957031e-05
1514,7.2479248046875e-05
1515,7.2479248046875e-05
1516,7.653236389160156e-05
1517,7.200241088867188e-05
1518,7.390975952148438e-05
1519,8.058547973632812e-05
1520,7.557868957519531e-05
1521,7.152557373046875e-05
1522,7.2479248046875e-05
1523,9.107589721679688e-05
1524,7.224082946777344e-05
1525,8.249282836914062e-05
1526,7.200241088867188e-05
1527,7.62939453125e-05
1528,7.224082946777344e-05
1529,7.581710815429688e-05
1530,7.915496826171875e-05
1531,7.557868957519531e-05
1532,9.012222290039062e-05
1533,7.390975952148438e-05
1534,7.486343383789062e-05
1535,7.963180541992188e-05
1536,7.009506225585938e-05
1537,6.67572021484375e-05
1538,6.556510925292969e-05
1539,7.414817810058594e-05
1540,7.343292236328125e-05
1541,7.224082946777344e-05
1542,7.033348083496094e-05
1543,7.295608520507812e-05
1544,7.271766662597656e-05
1545,6.937980651855469e-05
1546,7.2479248046875e-05
1547,7.319450378417969e-05
1548,7.367134094238281e-05
1549,7.2479248046875e-05
1550,7.605552673339844e-05
1551,7.224082946777344e-05
1552,7.05718994140625e-05
1553,6.961822509765625e-05
1554,7.104873657226562e-05
1555,7.295608520507812e-05
1556,7.2479248046875e-05
1557,7.176399230957031e-05
1558,7.486343383789062e-05
1559,7.414817810058594e-05
1560,7.43865966796875e-05
1561,7.677078247070312e-05
1562,7.534027099609375e-05
1563,7.128715515136719e-05
1564,7.343292236328125e-05
1565,8.416175842285156e-05
1566,7.796287536621094e-05
1567,7.486343383789062e-05
1568,7.390975952148438e-05
1569,7.033348083496094e-05
1570,7.200241088867188e-05
1571,7.677078247070312e-05
1572,7.653236389160156e-05
1573,7.128715515136719e-05
1574,7.343292236328125e-05
1575,7.176399230957031e-05
1576,7.605552673339844e-05
1577,7.081031799316406e-05
1578,7.534027099609375e-05
1579,8.058547973632812e-05
1580,7.915496826171875e-05
1581,7.104873657226562e-05
1582,7.033348083496094e-05
1583,7.224082946777344e-05
1584,7.033348083496094e-05
1585,7.343292236328125e-05
1586,9.322166442871094e-05
1587,7.486343383789062e-05
1588,6.890296936035156e-05
1589,7.557868957519531e-05
1590,7.319450378417969e-05
1591,7.557868957519531e-05
1592,7.033348083496094e-05
1593,7.796287536621094e-05
1594,7.414817810058594e-05
1595,7.343292236328125e-05
1596,7.653236389160156e-05
1597,6.985664367675781e-05
1598,7.271766662597656e-05
1599,7.176399230957031e-05
1600,6.985664367675781e-05
1601,7.557868957519531e-05
1602,7.033348083496094e-05
1603,8.273124694824219e-05
1604,0.00010371208190917969
1605,9.322166442871094e-05
1606,0.00011277198791503906
1607,0.00011014938354492188
1608,0.00011801719665527344
1609,0.0001163482666015625
1610,0.00012063980102539062
1611,0.00010061264038085938
1612,8.559226989746094e-05
1613,0.00010561943054199219
1614,9.322166442871094e-05
1615,0.00010752677917480469
1616,0.00011348724365234375
1617,8.893013000488281e-05
1618,8.225440979003906e-05
1619,7.295608520507812e-05
1620,7.581710815429688e-05
1621,6.937980651855469e-05
1622,7.414817810058594e-05
1623,7.724761962890625e-05
1624,8.440017700195312e-05
1625,8.20159912109375e-05
1626,7.367134094238281e-05
1627,7.271766662597656e-05
1628,6.67572021484375e-05
1629,9.226799011230469e-05
1630,7.724761962890625e-05
1631,7.486343383789062e-05
1632,7.653236389160156e-05
1633,8.916854858398438e-05
1634,7.653236389160156e-05
1635,7.271766662597656e-05
1636,7.295608520507812e-05
1637,7.05718994140625e-05
1638,6.794929504394531e-05
1639,7.200241088867188e-05
1640,7.152557373046875e-05
1641,7.2479248046875e-05
1642,7.295608520507812e-05
1643,7.224082946777344e-05
1644,7.62939453125e-05
1645,7.05718994140625e-05
1646,7.343292236328125e-05
1647,7.033348083496094e-05
1648,7.05718994140625e-05
1649,7.081031799316406e-05
1650,6.961822509765625e-05
1651,6.890296936035156e-05
1652,7.104873657226562e-05
1653,7.343292236328125e-05
1654,7.581710815429688e-05
1655,7.605552673339844e-05
1656,6.985664367675781e-05
1657,6.985664367675781e-05
1658,7.343292236328125e-05
1659,7.295608520507812e-05
1660,7.05718994140625e-05
1661,6.961822509765625e-05
1662,7.224082946777344e-05
1663,7.605552673339844e-05
1664,7.581710815429688e-05
1665,6.389617919921875e-05
1666,6.318092346191406e-05
1667,7.43865966796875e-05
1668,7.05718994140625e-05
1669,7.128715515136719e-05
1670,7.033348083496094e-05
1671,7.319450378417969e-05
1672,7.534027099609375e-05
1673,7.510185241699219e-05
1674,7.2479248046875e-05
1675,7.104873657226562e-05
1676,7.319450378417969e-05
1677,6.651878356933594e-05
1678,7.43865966796875e-05
1679,7.128715515136719e-05
1680,7.724761962890625e-05
1681,6.747245788574219e-05
1682,7.271766662597656e-05
1683,6.866455078125e-05
1684,7.319450378417969e-05
1685,7.128715515136719e-05
1686,6.794929504394531e-05
1687,7.557868957519531e-05
1688,6.699562072753906e-05
1689,7.796287536621094e-05
1690,6.651878356933594e-05
1691,8.463859558105469e-05
1692,6.723403930664062e-05
1693,6.937980651855469e-05
1694,7.295608520507812e-05
1695,7.367134094238281e-05
1696,7.43865966796875e-05
1697,7.176399230957031e-05
1698,7.414817810058594e-05
1699,7.2479248046875e-05
1700,6.890296936035156e-05
1701,7.319450378417969e-05
1702,7.05718994140625e-05
1703,7.367134094238281e-05
1704,7.724761962890625e-05
1705,6.985664367675781e-05
1706,6.961822509765625e-05
1707,7.176399230957031e-05
1708,8.0108642578125e-05
1709,7.343292236328125e-05
1710,7.104873657226562e-05
1711,7.200241088867188e-05
1712,7.200241088867188e-05
1713,7.271766662597656e-05
1714,7.128715515136719e-05
1715,7.414817810058594e-05
1716,7.748603820800781e-05
1717,6.818771362304688e-05
1718,7.295608520507812e-05
1719,7.033348083496094e-05
1720,7.557868957519531e-05
1721,7.271766662597656e-05
1722,7.414817810058594e-05
1723,7.104873657226562e-05
1724,7.05718994140625e-05
1725,7.200241088867188e-05
1726,7.128715515136719e-05
1727,7.2479248046875e-05
1728,7.200241088867188e-05
1729,6.842613220214844e-05
1730,6.985664367675781e-05
1731,7.176399230957031e-05
1732,7.104873657226562e-05
1733,7.128715515136719e-05
1734,6.628036499023438e-05
1735,6.341934204101562e-05
1736,7.82012939453125e-05
1737,7.343292236328125e-05
1738,7.009506225585938e-05
1739,6.794929504394531e-05
1740,6.532669067382812e-05
1741,7.319450378417969e-05
1742,7.176399230957031e-05
1743,7.462501525878906e-05
1744,6.818771362304688e-05
1745,6.914138793945312e-05
1746,7.176399230957031e-05
1747,7.677078247070312e-05
1748,7.295608520507812e-05
1749,7.748603820800781e-05
1750,7.271766662597656e-05
1751,7.104873657226562e-05
1752,7.748603820800781e-05
1753,7.2479248046875e-05
1754,7.343292236328125e-05
1755,7.104873657226562e-05
1756,6.961822509765625e-05
1757,5.745887756347656e-05
1758,6.866455078125e-05
1759,6.961822509765625e-05
1760,6.747245788574219e-05
1761,7.081031799316406e-05
1762,7.390975952148438e-05
1763,7.224082946777344e-05
1764,8.726119995117188e-05
1765,6.771087646484375e-05
1766,6.771087646484375e-05
1767,7.05718994140625e-05
1768,6.723403930664062e-05
1769,6.937980651855469e-05
1770,0.0001125335693359375
1771,7.05718994140625e-05
1772,6.389617919921875e-05
1773,6.794929504394531e-05
1774,7.224082946777344e-05
1775,6.961822509765625e-05
1776,7.43865966796875e-05
1777,8.678436279296875e-05
1778,7.033348083496094e-05
1779,7.200241088867188e-05
1780,6.771087646484375e-05
1781,6.794929504394531e-05
1782,6.961822509765625e-05
1783,7.295608520507812e-05
1784,7.128715515136719e-05
1785,6.818771362304688e-05
1786,6.771087646484375e-05
1787,6.747245788574219e-05
1788,7.033348083496094e-05
1789,7.152557373046875e-05
1790,7.653236389160156e-05
1791,7.319450378417969e-05
1792,6.508827209472656e-05
1793,6.961822509765625e-05
1794,6.914138793945312e-05
1795,6.890296936035156e-05
1796,6.461143493652344e-05
1797,6.628036499023438e-05
1798,6.937980651855469e-05
1799,8.726119995117188e-05
1800,7.200241088867188e-05
1801,7.009506225585938e-05
1802,7.581710815429688e-05
1803,7.176399230957031e-05
1804,6.771087646484375e-05
1805,7.772445678710938e-05
1806,6.890296936035156e-05
1807,6.961822509765625e-05
1808,6.771087646484375e-05
1809,7.009506225585938e-05
1810,6.556510925292969e-05
1811,6.961822509765625e-05
1812,7.05718994140625e-05
1813,7.104873657226562e-05
1814,7.367134094238281e-05
1815,7.200241088867188e-05
1816,7.390975952148438e-05
1817,6.651878356933594e-05
1818,8.058547973632812e-05
1819,7.581710815429688e-05
1820,6.937980651855469e-05
1821,6.67572021484375e-05
1822,7.128715515136719e-05
1823,6.794929504394531e-05
1824,7.176399230957031e-05
1825,6.866455078125e-05
1826,6.890296936035156e-05
1827,7.05718994140625e-05
1828,7.152557373046875e-05
1829,7.081031799316406e-05
1830,7.748603820800781e-05
1831,6.985664367675781e-05
1832,7.581710815429688e-05
1833,9.298324584960938e-05
1834,7.462501525878906e-05
1835,6.842613220214844e-05
1836,7.128715515136719e-05
1837,7.462501525878906e-05
1838,6.961822509765625e-05
1839,7.05718994140625e-05
1840,6.67572021484375e-05
1841,6.818771362304688e-05
1842,7.033348083496094e-05
1843,6.985664367675781e-05
1844,7.295608520507812e-05
1845,6.794929504394531e-05
1846,6.532669067382812e-05
1847,7.414817810058594e-05
1848,7.104873657226562e-05
1849,7.176399230957031e-05
1850,7.152557373046875e-05
1851,7.224082946777344e-05
1852,6.651878356933594e-05
1853,7.557868957519531e-05
1854,7.462501525878906e-05
1855,7.605552673339844e-05
1856,7.081031799316406e-05
1857,5.698204040527344e-05
1858,6.937980651855469e-05
1859,6.4849853515625e-05
1860,6.4849853515625e-05
1861,6.651878356933594e-05
1862,5.984306335449219e-05
1863,6.67572021484375e-05
1864,8.487701416015625e-05
1865,7.557868957519531e-05
1866,7.05718994140625e-05
1867,7.05718994140625e-05
1868,7.081031799316406e-05
1869,6.556510925292969e-05
1870,6.556510925292969e-05
1871,7.033348083496094e-05
1872,6.771087646484375e-05
1873,7.43865966796875e-05
1874,7.009506225585938e-05
1875,6.318092346191406e-05
1876,7.390975952148438e-05
1877,7.176399230957031e-05
1878,6.818771362304688e-05
1879,7.486343383789062e-05
1880,7.081031799316406e-05
1881,7.43865966796875e-05
1882,7.152557373046875e-05
1883,7.414817810058594e-05
1884,7.152557373046875e-05
1885,7.200241088867188e-05
1886,7.2479248046875e-05
1887,7.176399230957031e-05
1888,7.390975952148438e-05
1889,7.796287536621094e-05
1890,6.771087646484375e-05
1891,7.104873657226562e-05
1892,7.176399230957031e-05
1893,7.319450378417969e-05
1894,6.961822509765625e-05
1895,7.343292236328125e-05
1896,7.224082946777344e-05
1897,6.961822509765625e-05
1898,7.05718994140625e-05
1899,7.224082946777344e-05
1900,7.104873657226562e-05
1901,7.367134094238281e-05
1902,7.224082946777344e-05
1903,7.200241088867188e-05
1904,7.224082946777344e-05
1905,6.723403930664062e-05
1906,7.009506225585938e-05
1907,7.104873657226562e-05
1908,7.152557373046875e-05
1909,6.866455078125e-05
1910,6.461143493652344e-05
1911,8.726119995117188e-05
1912,6.699562072753906e-05
1913,6.794929504394531e-05
1914,8.034706115722656e-05
1915,7.319450378417969e-05
1916,7.271766662597656e-05
1917,6.651878356933594e-05
1918,7.200241088867188e-05
1919,6.747245788574219e-05
1920,6.771087646484375e-05
1921,6.723403930664062e-05
1922,6.651878356933594e-05
1923,7.033348083496094e-05
1924,6.651878356933594e-05
1925,7.128715515136719e-05
1926,6.341934204101562e-05
1927,6.461143493652344e-05
1928,6.628036499023438e-05
1929,6.556510925292969e-05
1930,7.462501525878906e-05
1931,7.724761962890625e-05
1932,7.2479248046875e-05
1933,7.414817810058594e-05
1934,7.581710815429688e-05
1935,7.2479248046875e-05
1936,6.699562072753906e-05
1937,7.319450378417969e-05
1938,6.866455078125e-05
1939,7.081031799316406e-05
1940,6.794929504394531e-05
1941,6.67572021484375e-05
1942,6.914138793945312e-05
1943,6.890296936035156e-05
1944,6.67572021484375e-05
1945,6.031990051269531e-05
1946,6.937980651855469e-05
1947,6.866455078125e-05
1948,6.413459777832031e-05
1949,7.295608520507812e-05
1950,7.081031799316406e-05
1951,6.914138793945312e-05
1952,6.794929504394531e-05
1953,6.937980651855469e-05
1954,6.508827209472656e-05
1955,6.866455078125e-05
1956,6.961822509765625e-05
1957,6.937980651855469e-05
1958,6.67572021484375e-05
1959,7.104873657226562e-05
1960,7.43865966796875e-05
1961,6.818771362304688e-05
1962,7.05718994140625e-05
1963,6.628036499023438e-05
1964,7.2479248046875e-05
1965,6.699562072753906e-05
1966,6.866455078125e-05
1967,7.43865966796875e-05
1968,8.416175842285156e-05
1969,7.152557373046875e-05
1970,7.009506225585938e-05
1971,7.963180541992188e-05
1972,7.128715515136719e-05
1973,7.295608520507812e-05
1974,7.367134094238281e-05
1975,7.05718994140625e-05
1976,6.914138793945312e-05
1977,7.295608520507812e-05
1978,7.82012939453125e-05
1979,6.794929504394531e-05
1980,6.985664367675781e-05
1981,7.009506225585938e-05
1982,7.271766662597656e-05
1983,7.009506225585938e-05
1984,7.033348083496094e-05
1985,7.152557373046875e-05
1986,6.818771362304688e-05
1987,7.081031799316406e-05
1988,7.700920104980469e-05
1989,7.033348083496094e-05
1990,7.271766662597656e-05
1991,7.176399230957031e-05
1992,7.152557373046875e-05
1993,7.367134094238281e-05
1994,6.818771362304688e-05
1995,8.153915405273438e-05
1996,7.033348083496094e-05
1997,6.914138793945312e-05
1998,7.224082946777344e-05
1999,7.343292236328125e-05
2000,7.033348083496094e-05
2001,7.200241088867188e-05
2002,6.699562072753906e-05
2003,6.818771362304688e-05
2004,6.890296936035156e-05
2005,7.176399230957031e-05
2006,6.866455078125e-05
2007,7.200241088867188e-05
2008,6.914138793945312e-05
2009,6.723403930664062e-05
2010,6.699562072753906e-05
2011,6.914138793945312e-05
2012,7.82012939453125e-05
2013,6.937980651855469e-05
2014,6.437301635742188e-05
2015,6.4849853515625e-05
2016,6.4849853515625e-05
2017,7.605552673339844e-05
2018,7.176399230957031e-05
2019,7.510185241699219e-05
2020,7.081031799316406e-05
2021,7.343292236328125e-05
2022,6.818771362304688e-05
2023,6.961822509765625e-05
2024,9.107589721679688e-05
2025,7.843971252441406e-05
2026,8.463859558105469e-05
2027,7.700920104980469e-05
2028,8.654594421386719e-05
2029,8.606910705566406e-05
2030,6.723403930664062e-05
2031,6.008148193359375e-05
2032,6.604194641113281e-05
2033,7.081031799316406e-05
2034,7.724761962890625e-05
2035,9.417533874511719e-05
2036,8.0108642578125e-05
2037,6.4849853515625e-05
2038,6.747245788574219e-05
2039,8.487701416015625e-05
2040,6.699562072753906e-05
2041,0.00011706352233886719
2042,9.250640869140625e-05
2043,7.605552673339844e-05
2044,7.772445678710938e-05
2045,8.392333984375e-05
2046,8.058547973632812e-05
2047,0.00010013580322265625
2048,9.036064147949219e-05
2049,6.532669067382812e-05
2050,6.818771362304688e-05
2051,6.937980651855469e-05
2052,6.866455078125e-05
2053,7.605552673339844e-05
2054,7.200241088867188e-05
2055,7.271766662597656e-05
2056,7.867813110351562e-05
2057,6.818771362304688e-05
2058,6.747245788574219e-05
2059,6.937980651855469e-05
2060,7.033348083496094e-05
2061,6.890296936035156e-05
2062,7.772445678710938e-05
2063,5.793571472167969e-05
2064,6.747245788574219e-05
2065,5.936622619628906e-05
2066,5.698204040527344e-05
2067,5.7697296142578125e-05
2068,5.745887756347656e-05
2069,5.841255187988281e-05
2070,5.793571472167969e-05
2071,5.9604644775390625e-05
2072,5.6743621826171875e-05
2073,7.009506225585938e-05
2074,7.081031799316406e-05
2075,7.009506225585938e-05
2076,6.723403930664062e-05
2077,6.461143493652344e-05
2078,8.606910705566406e-05
2079,6.842613220214844e-05
2080,6.771087646484375e-05
2081,7.534027099609375e-05
2082,6.747245788574219e-05
2083,6.604194641113281e-05
2084,6.031990051269531e-05
2085,6.67572021484375e-05
2086,6.842613220214844e-05
2087,6.794929504394531e-05
2088,7.05718994140625e-05
2089,6.866455078125e-05
2090,7.700920104980469e-05
2091,7.128715515136719e-05
2092,6.985664367675781e-05
2093,7.176399230957031e-05
2094,7.343292236328125e-05
2095,6.794929504394531e-05
2096,7.200241088867188e-05
2097,6.818771362304688e-05
2098,7.104873657226562e-05
2099,7.271766662597656e-05
2100,7.033348083496094e-05
2101,7.2479248046875e-05
2102,6.842613220214844e-05
2103,7.343292236328125e-05
2104,6.771087646484375e-05
2105,6.580352783203125e-05
2106,7.05718994140625e-05
2107,6.866455078125e-05
2108,6.651878356933594e-05
2109,7.05718994140625e-05
2110,6.175041198730469e-05
2111,6.818771362304688e-05
2112,6.890296936035156e-05
2113,7.82012939453125e-05
2114,7.009506225585938e-05
2115,6.794929504394531e-05
2116,6.794929504394531e-05
2117,7.104873657226562e-05
2118,6.508827209472656e-05
2119,6.747245788574219e-05
2120,6.866455078125e-05
2121,6.961822509765625e-05
2122,7.390975952148438e-05
2123,6.580352783203125e-05
2124,6.175041198730469e-05
2125,6.079673767089844e-05
2126,6.389617919921875e-05
2127,6.4849853515625e-05
2128,6.651878356933594e-05
2129,7.343292236328125e-05
2130,6.771087646484375e-05
2131,7.104873657226562e-05
2132,7.05718994140625e-05
2133,6.818771362304688e-05
2134,6.937980651855469e-05
2135,6.604194641113281e-05
2136,8.511543273925781e-05
2137,6.532669067382812e-05
2138,7.724761962890625e-05
2139,6.4849853515625e-05
2140,6.651878356933594e-05
2141,6.079673767089844e-05
2142,6.103515625e-05
2143,5.8650970458984375e-05
2144,6.0558319091796875e-05
2145,6.127357482910156e-05
2146,6.461143493652344e-05
2147,6.198883056640625e-05
2148,6.222724914550781e-05
2149,5.984306335449219e-05
2150,6.365776062011719e-05
2151,6.0558319091796875e-05
2152,6.079673767089844e-05
2153,5.8650970458984375e-05
2154,6.175041198730469e-05
2155,5.817413330078125e-05
2156,6.29425048828125e-05
2157,5.841255187988281e-05
2158,6.29425048828125e-05
2159,6.008148193359375e-05
2160,6.270408630371094e-05
2161,6.079673767089844e-05
2162,6.604194641113281e-05
2163,6.604194641113281e-05
2164,7.224082946777344e-05
2165,6.270408630371094e-05
2166,6.556510925292969e-05
2167,6.151199340820312e-05
2168,6.4849853515625e-05
2169,6.29425048828125e-05
2170,6.0558319091796875e-05
2171,6.29425048828125e-05
2172,6.151199340820312e-05
2173,6.365776062011719e-05
2174,7.724761962890625e-05
2175,6.67572021484375e-05
2176,6.270408630371094e-05
2177,6.389617919921875e-05
2178,6.175041198730469e-05
2179,6.413459777832031e-05
2180,6.604194641113281e-05
2181,6.961822509765625e-05
2182,6.628036499023438e-05
2183,6.794929504394531e-05
2184,6.556510925292969e-05
2185,6.318092346191406e-05
2186,6.246566772460938e-05
2187,6.556510925292969e-05
2188,6.127357482910156e-05
2189,7.128715515136719e-05
2190,5.9604644775390625e-05
2191,5.817413330078125e-05
2192,6.937980651855469e-05
2193,6.818771362304688e-05
2194,7.033348083496094e-05
2195,7.104873657226562e-05
2196,6.461143493652344e-05
2197,6.389617919921875e-05
2198,7.104873657226562e-05
2199,6.818771362304688e-05
2200,6.818771362304688e-05
2201,7.462501525878906e-05
2202,6.842613220214844e-05
2203,6.556510925292969e-05
2204,6.532669067382812e-05
2205,6.222724914550781e-05
2206,5.936622619628906e-05
2207,5.936622619628906e-05
2208,6.175041198730469e-05
2209,5.316734313964844e-05
2210,7.05718994140625e-05
2211,7.462501525878906e-05
2212,7.390975952148438e-05
2213,7.2479248046875e-05
2214,7.033348083496094e-05
2215,7.009506225585938e-05
2216,6.842613220214844e-05
2217,7.605552673339844e-05
2218,7.104873657226562e-05
2219,8.082389831542969e-05
2220,7.891654968261719e-05
2221,7.510185241699219e-05
2222,7.62939453125e-05
2223,6.985664367675781e-05
2224,7.557868957519531e-05
2225,7.510185241699219e-05
2226,7.128715515136719e-05
2227,7.510185241699219e-05
2228,7.343292236328125e-05
2229,7.009506225585938e-05
2230,8.249282836914062e-05
2231,7.653236389160156e-05
2232,7.653236389160156e-05
2233,7.462501525878906e-05
2234,6.937980651855469e-05
2235,7.510185241699219e-05
2236,7.104873657226562e-05
2237,7.081031799316406e-05
2238,7.62939453125e-05
2239,7.2479248046875e-05
2240,6.794929504394531e-05
2241,7.152557373046875e-05
2242,7.343292236328125e-05
2243,7.367134094238281e-05
2244,7.176399230957031e-05
2245,7.343292236328125e-05
2246,7.414817810058594e-05
2247,7.462501525878906e-05
2248,7.343292236328125e-05
2249,8.034706115722656e-05
2250,7.05718994140625e-05
2251,7.534027099609375e-05
2252,7.152557373046875e-05
2253,8.845329284667969e-05
2254,7.319450378417969e-05
2255,7.081031799316406e-05
2256,7.891654968261719e-05
2257,7.605552673339844e-05
2258,7.033348083496094e-05
2259,7.271766662597656e-05
2260,7.176399230957031e-05
2261,7.128715515136719e-05
2262,7.414817810058594e-05
2263,7.081031799316406e-05
2264,7.534027099609375e-05
2265,7.43865966796875e-05
2266,7.295608520507812e-05
2267,7.176399230957031e-05
2268,7.152557373046875e-05
2269,7.605552673339844e-05
2270,7.319450378417969e-05
2271,7.677078247070312e-05
2272,7.390975952148438e-05
2273,7.843971252441406e-05
2274,7.152557373046875e-05
2275,7.224082946777344e-05
2276,6.723403930664062e-05
2277,7.557868957519531e-05
2278,7.486343383789062e-05
2279,7.700920104980469e-05
2280,7.05718994140625e-05
2281,7.224082946777344e-05
2282,7.367134094238281e-05
2283,7.343292236328125e-05
2284,7.534027099609375e-05
2285,7.390975952148438e-05
2286,7.748603820800781e-05
2287,7.581710815429688e-05
2288,7.05718994140625e-05
2289,7.510185241699219e-05
2290,6.771087646484375e-05
2291,7.224082946777344e-05
2292,7.200241088867188e-05
2293,7.152557373046875e-05
2294,7.319450378417969e-05
2295,7.414817810058594e-05
2296,7.271766662597656e-05
2297,7.2479248046875e-05
2298,6.961822509765625e-05
2299,7.486343383789062e-05
2300,6.866455078125e-05
2301,6.461143493652344e-05
2302,7.176399230957031e-05
2303,7.05718994140625e-05
2304,7.176399230957031e-05
2305,7.295608520507812e-05
2306,7.152557373046875e-05
2307,7.295608520507812e-05
2308,6.604194641113281e-05
2309,7.510185241699219e-05
2310,7.390975952148438e-05
2311,7.05718994140625e-05
2312,7.843971252441406e-05
2313,7.200241088867188e-05
2314,8.559226989746094e-05
2315,7.82012939453125e-05
2316,6.818771362304688e-05
2317,7.510185241699219e-05
2318,6.270408630371094e-05
2319,7.224082946777344e-05
2320,6.723403930664062e-05
2321,6.842613220214844e-05
2322,7.2479248046875e-05
2323,7.605552673339844e-05
2324,6.556510925292969e-05
2325,7.128715515136719e-05
2326,6.961822509765625e-05
2327,7.557868957519531e-05
2328,7.748603820800781e-05
2329,7.2479248046875e-05
2330,6.771087646484375e-05
2331,7.224082946777344e-05
2332,6.818771362304688e-05
2333,6.985664367675781e-05
2334,6.961822509765625e-05
2335,7.390975952148438e-05
2336,7.152557373046875e-05
2337,8.034706115722656e-05
2338,7.271766662597656e-05
2339,7.653236389160156e-05
2340,7.677078247070312e-05
2341,7.915496826171875e-05
2342,7.557868957519531e-05
2343,7.009506225585938e-05
2344,7.581710815429688e-05
2345,7.176399230957031e-05
2346,7.557868957519531e-05
2347,7.62939453125e-05
2348,7.295608520507812e-05
2349,7.319450378417969e-05
2350,7.033348083496094e-05
2351,7.82012939453125e-05
2352,6.866455078125e-05
2353,7.43865966796875e-05
2354,7.009506225585938e-05
2355,8.58306884765625e-05
2356,7.367134094238281e-05
2357,7.176399230957031e-05
2358,7.081031799316406e-05
2359,7.271766662597656e-05
2360,7.295608520507812e-05
2361,7.343292236328125e-05
2362,8.416175842285156e-05
2363,6.866455078125e-05
2364,6.937980651855469e-05
2365,7.843971252441406e-05
2366,7.009506225585938e-05
2367,6.890296936035156e-05
2368,0.00014400482177734375
2369,0.0001583099365234375
2370,0.00014972686767578125
2371,9.012222290039062e-05
2372,6.628036499023438e-05
2373,7.104873657226562e-05
2374,7.557868957519531e-05
2375,6.890296936035156e-05
2376,7.82012939453125e-05
2377,7.2479248046875e-05
2378,9.131431579589844e-05
2379,7.319450378417969e-05
2380,7.271766662597656e-05
2381,7.367134094238281e-05
2382,7.700920104980469e-05
2383,6.771087646484375e-05
2384,6.461143493652344e-05
2385,7.367134094238281e-05
2386,6.890296936035156e-05
2387,7.867813110351562e-05
2388,7.2479248046875e-05
2389,6.937980651855469e-05
2390,7.224082946777344e-05
2391,7.653236389160156e-05
2392,8.487701416015625e-05
2393,8.106231689453125e-05
2394,7.62939453125e-05
2395,6.890296936035156e-05
2396,7.486343383789062e-05
2397,6.771087646484375e-05
2398,7.05718994140625e-05
2399,7.319450378417969e-05
2400,6.961822509765625e-05
2401,7.224082946777344e-05
2402,7.224082946777344e-05
2403,7.462501525878906e-05
2404,8.177757263183594e-05
2405,7.772445678710938e-05
2406,8.130073547363281e-05
2407,8.249282836914062e-05
2408,8.416175842285156e-05
2409,7.200241088867188e-05
2410,8.630752563476562e-05
2411,8.034706115722656e-05
2412,9.465217590332031e-05
2413,7.724761962890625e-05
2414,7.557868957519531e-05
2415,7.724761962890625e-05
2416,7.62939453125e-05
2417,7.486343383789062e-05
2418,9.131431579589844e-05
2419,7.700920104980469e-05
2420,7.62939453125e-05
2421,7.390975952148438e-05
2422,7.963180541992188e-05
2423,6.985664367675781e-05
2424,7.462501525878906e-05
2425,7.176399230957031e-05
2426,7.891654968261719e-05
2427,7.295608520507812e-05
2428,7.915496826171875e-05
2429,8.511543273925781e-05
2430,0.0001556873321533203
2431,0.00014901161193847656
2432,0.000118255615234375
2433,7.367134094238281e-05
2434,6.794929504394531e-05
2435,7.224082946777344e-05
2436,7.772445678710938e-05
2437,7.05718994140625e-05
2438,7.605552673339844e-05
2439,7.963180541992188e-05
2440,7.748603820800781e-05
2441,9.989738464355469e-05
2442,7.891654968261719e-05
2443,6.747245788574219e-05
2444,6.747245788574219e-05
2445,7.367134094238281e-05
2446,6.723403930664062e-05
2447,7.176399230957031e-05
2448,7.557868957519531e-05
2449,6.914138793945312e-05
2450,6.961822509765625e-05
2451,6.937980651855469e-05
2452,7.534027099609375e-05
2453,6.914138793945312e-05
2454,7.128715515136719e-05
2455,7.009506225585938e-05
2456,7.939338684082031e-05
2457,8.273124694824219e-05
2458,7.605552673339844e-05
2459,7.2479248046875e-05
2460,8.034706115722656e-05
2461,7.534027099609375e-05
2462,8.869171142578125e-05
2463,8.225440979003906e-05
2464,7.200241088867188e-05
2465,8.320808410644531e-05
2466,7.867813110351562e-05
2467,9.393692016601562e-05
2468,7.271766662597656e-05
2469,7.987022399902344e-05
2470,7.343292236328125e-05
2471,7.605552673339844e-05
2472,7.724761962890625e-05
2473,7.891654968261719e-05
2474,7.653236389160156e-05
2475,7.605552673339844e-05
2476,7.390975952148438e-05
2477,7.343292236328125e-05
2478,8.034706115722656e-05
2479,8.296966552734375e-05
2480,7.796287536621094e-05
2481,7.748603820800781e-05
2482,7.748603820800781e-05
2483,7.653236389160156e-05
2484,7.319450378417969e-05
2485,7.343292236328125e-05
2486,7.343292236328125e-05
2487,7.486343383789062e-05
2488,7.390975952148438e-05
2489,6.985664367675781e-05
2490,7.43865966796875e-05
2491,7.176399230957031e-05
2492,7.43865966796875e-05
2493,6.4849853515625e-05
2494,7.128715515136719e-05
2495,6.771087646484375e-05
2496,6.341934204101562e-05
2497,6.67572021484375e-05
2498,6.270408630371094e-05
2499,6.67572021484375e-05
2500,6.246566772460938e-05
2501,6.318092346191406e-05
2502,6.389617919921875e-05
2503,6.270408630371094e-05
2504,6.29425048828125e-05
2505,6.389617919921875e-05
2506,6.222724914550781e-05
2507,6.413459777832031e-05
2508,6.413459777832031e-05
2509,6.604194641113281e-05
2510,6.413459777832031e-05
2511,6.437301635742188e-05
2512,6.413459777832031e-05
2513,6.413459777832031e-05
2514,6.341934204101562e-05
2515,6.389617919921875e-05
2516,6.389617919921875e-05
2517,6.4849853515625e-05
2518,7.748603820800781e-05
2519,6.461143493652344e-05
2520,6.771087646484375e-05
2521,7.033348083496094e-05
2522,6.437301635742188e-05
2523,6.413459777832031e-05
2524,6.246566772460938e-05
2525,6.151199340820312e-05
2526,6.699562072753906e-05
2527,6.508827209472656e-05
2528,6.341934204101562e-05
2529,6.532669067382812e-05
2530,6.318092346191406e-05
2531,6.508827209472656e-05
2532,6.4849853515625e-05
2533,6.413459777832031e-05
2534,6.318092346191406e-05
2535,6.580352783203125e-05
2536,6.818771362304688e-05
2537,6.866455078125e-05
2538,6.270408630371094e-05
2539,6.532669067382812e-05
2540,6.389617919921875e-05
2541,6.365776062011719e-05
2542,6.651878356933594e-05
2543,6.437301635742188e-05
2544,6.389617919921875e-05
2545,6.4849853515625e-05
2546,6.127357482910156e-05
2547,6.604194641113281e-05
2548,6.246566772460938e-05
2549,7.557868957519531e-05
2550,6.4849853515625e-05
2551,6.413459777832031e-05
2552,6.461143493652344e-05
2553,6.413459777832031e-05
2554,6.890296936035156e-05
2555,6.389617919921875e-05
2556,6.29425048828125e-05
2557,6.222724914550781e-05
2558,6.747245788574219e-05
2559,6.532669067382812e-05
2560,6.461143493652344e-05
2561,6.413459777832031e-05
2562,6.461143493652344e-05
2563,6.628036499023438e-05
2564,6.4849853515625e-05
2565,6.437301635742188e-05
2566,6.365776062011719e-05
2567,6.341934204101562e-05
2568,6.0558319091796875e-05
2569,5.984306335449219e-05
2570,6.29425048828125e-05
2571,6.580352783203125e-05
2572,7.200241088867188e-05
2573,6.413459777832031e-05
2574,6.103515625e-05
2575,6.532669067382812e-05
2576,6.461143493652344e-05
2577,6.651878356933594e-05
2578,6.461143493652344e-05
2579,9.036064147949219e-05
2580,6.794929504394531e-05
2581,6.365776062011719e-05
2582,6.508827209472656e-05
2583,6.604194641113281e-05
2584,6.580352783203125e-05
2585,6.318092346191406e-05
2586,6.651878356933594e-05
2587,6.246566772460938e-05
2588,6.723403930664062e-05
2589,6.29425048828125e-05
2590,6.461143493652344e-05
2591,6.389617919921875e-05
2592,6.556510925292969e-05
2593,6.604194641113281e-05
2594,6.222724914550781e-05
2595,6.413459777832031e-05
2596,5.7220458984375e-05
2597,5.8650970458984375e-05
2598,5.698204040527344e-05
2599,5.936622619628906e-05
2600,5.984306335449219e-05
2601,5.173683166503906e-05
2602,5.412101745605469e-05
2603,5.1975250244140625e-05
2604,6.413459777832031e-05
2605,5.412101745605469e-05
2606,5.602836608886719e-05
2607,5.125999450683594e-05
2608,5.435943603515625e-05
2609,5.3882598876953125e-05
2610,5.435943603515625e-05
2611,5.3882598876953125e-05
2612,5.507469177246094e-05
2613,5.316734313964844e-05
2614,5.5789947509765625e-05
2615,6.246566772460938e-05
2616,5.14984130859375e-05
2617,5.793571472167969e-05
2618,5.555152893066406e-05
2619,5.459785461425781e-05
2620,5.4836273193359375e-05
2621,5.817413330078125e-05
2622,0.00013327598571777344
2623,6.341934204101562e-05
2624,6.198883056640625e-05
2625,6.175041198730469e-05
2626,6.794929504394531e-05
2627,6.937980651855469e-05
2628,7.05718994140625e-05
2629,6.747245788574219e-05
2630,7.05718994140625e-05
2631,7.390975952148438e-05
2632,7.2479248046875e-05
2633,7.963180541992188e-05
2634,7.224082946777344e-05
2635,7.390975952148438e-05
2636,7.319450378417969e-05
2637,7.319450378417969e-05
2638,7.367134094238281e-05
2639,6.937980651855469e-05
2640,7.152557373046875e-05
2641,9.274482727050781e-05
2642,6.890296936035156e-05
2643,7.271766662597656e-05
2644,7.390975952148438e-05
2645,7.200241088867188e-05
2646,6.771087646484375e-05
2647,7.176399230957031e-05
2648,6.556510925292969e-05
2649,7.128715515136719e-05
2650,6.866455078125e-05
2651,7.128715515136719e-05
2652,7.271766662597656e-05
2653,7.367134094238281e-05
2654,7.152557373046875e-05
2655,7.2479248046875e-05
2656,7.367134094238281e-05
2657,7.200241088867188e-05
2658,6.794929504394531e-05
2659,7.534027099609375e-05
2660,7.796287536621094e-05
2661,8.845329284667969e-05
2662,7.152557373046875e-05
2663,7.295608520507812e-05
2664,7.867813110351562e-05
2665,8.034706115722656e-05
2666,6.961822509765625e-05
2667,7.939338684082031e-05
2668,7.176399230957031e-05
2669,6.914138793945312e-05
2670,7.557868957519531e-05
2671,6.937980651855469e-05
2672,7.367134094238281e-05
2673,7.128715515136719e-05
2674,8.273124694824219e-05
2675,6.890296936035156e-05
2676,6.961822509765625e-05
2677,6.771087646484375e-05
2678,7.200241088867188e-05
2679,6.747245788574219e-05
2680,6.842613220214844e-05
2681,6.985664367675781e-05
2682,6.771087646484375e-05
2683,7.081031799316406e-05
2684,6.747245788574219e-05
2685,6.890296936035156e-05
2686,7.295608520507812e-05
2687,7.271766662597656e-05
2688,7.605552673339844e-05
2689,7.200241088867188e-05
2690,6.937980651855469e-05
2691,7.557868957519531e-05
2692,6.723403930664062e-05
2693,6.961822509765625e-05
2694,7.081031799316406e-05
2695,7.081031799316406e-05
2696,9.036064147949219e-05
2697,7.128715515136719e-05
2698,6.866455078125e-05
2699,7.605552673339844e-05
2700,7.367134094238281e-05
2701,6.985664367675781e-05
2702,7.128715515136719e-05
2703,7.05718994140625e-05
2704,6.318092346191406e-05
2705,6.866455078125e-05
2706,6.818771362304688e-05
2707,7.224082946777344e-05
2708,7.319450378417969e-05
2709,7.05718994140625e-05
2710,6.842613220214844e-05
2711,7.152557373046875e-05
2712,7.104873657226562e-05
2713,6.890296936035156e-05
2714,7.319450378417969e-05
2715,6.413459777832031e-05
2716,7.319450378417969e-05
2717,7.748603820800781e-05
2718,6.461143493652344e-05
2719,7.43865966796875e-05
2720,6.628036499023438e-05
2721,7.224082946777344e-05
2722,6.747245788574219e-05
2723,7.343292236328125e-05
2724,7.224082946777344e-05
2725,7.009506225585938e-05
2726,7.128715515136719e-05
2727,6.937980651855469e-05
2728,7.724761962890625e-05
2729,7.176399230957031e-05
2730,7.748603820800781e-05
2731,7.128715515136719e-05
2732,6.651878356933594e-05
2733,7.343292236328125e-05
2734,6.937980651855469e-05
2735,7.009506225585938e-05
2736,7.295608520507812e-05
2737,7.009506225585938e-05
2738,6.771087646484375e-05
2739,7.200241088867188e-05
2740,6.67572021484375e-05
2741,7.152557373046875e-05
2742,7.295608520507812e-05
2743,6.67572021484375e-05
2744,7.319450378417969e-05
2745,6.937980651855469e-05
2746,6.890296936035156e-05
2747,6.67572021484375e-05
2748,6.961822509765625e-05
2749,6.747245788574219e-05
2750,7.152557373046875e-05
2751,6.389617919921875e-05
2752,8.630752563476562e-05
2753,6.771087646484375e-05
2754,6.651878356933594e-05
2755,7.462501525878906e-05
2756,6.914138793945312e-05
2757,7.200241088867188e-05
2758,7.2479248046875e-05
2759,6.747245788574219e-05
2760,6.842613220214844e-05
2761,6.532669067382812e-05
2762,7.367134094238281e-05
2763,6.437301635742188e-05
2764,6.771087646484375e-05
2765,7.128715515136719e-05
2766,6.628036499023438e-05
2767,7.510185241699219e-05
2768,6.222724914550781e-05
2769,6.842613220214844e-05
2770,7.486343383789062e-05
2771,7.319450378417969e-05
2772,9.679794311523438e-05
2773,7.05718994140625e-05
2774,6.866455078125e-05
2775,7.200241088867188e-05
2776,7.176399230957031e-05
2777,7.271766662597656e-05
2778,7.128715515136719e-05
2779,7.510185241699219e-05
2780,7.462501525878906e-05
2781,7.081031799316406e-05
2782,7.271766662597656e-05
2783,6.604194641113281e-05
2784,7.295608520507812e-05
2785,7.2479248046875e-05
2786,7.748603820800781e-05
2787,7.367134094238281e-05
2788,6.890296936035156e-05
2789,7.128715515136719e-05
2790,6.961822509765625e-05
2791,6.175041198730469e-05
2792,7.200241088867188e-05
2793,6.723403930664062e-05
2794,7.653236389160156e-05
2795,6.723403930664062e-05
2796,6.937980651855469e-05
2797,6.937980651855469e-05
2798,7.343292236328125e-05
2799,7.081031799316406e-05
2800,7.176399230957031e-05
2801,6.961822509765625e-05
2802,7.176399230957031e-05
2803,6.747245788574219e-05
2804,7.2479248046875e-05
2805,7.152557373046875e-05
2806,7.343292236328125e-05
2807,0.00015211105346679688
2808,0.00010538101196289062
2809,8.511543273925781e-05
2810,7.295608520507812e-05
2811,7.200241088867188e-05
2812,7.43865966796875e-05
2813,6.365776062011719e-05
2814,7.128715515136719e-05
2815,7.224082946777344e-05
2816,7.414817810058594e-05
2817,7.677078247070312e-05
2818,7.581710815429688e-05
2819,7.82012939453125e-05
2820,7.43865966796875e-05
2821,6.985664367675781e-05
2822,7.486343383789062e-05
2823,0.0001227855682373047
2824,8.177757263183594e-05
2825,8.153915405273438e-05
2826,6.628036499023438e-05
2827,7.462501525878906e-05
2828,7.319450378417969e-05
2829,6.914138793945312e-05
2830,7.05718994140625e-05
2831,7.367134094238281e-05
2832,6.937980651855469e-05
2833,7.319450378417969e-05
2834,6.937980651855469e-05
2835,7.987022399902344e-05
2836,7.414817810058594e-05
2837,6.866455078125e-05
2838,7.796287536621094e-05
2839,8.487701416015625e-05
2840,7.486343383789062e-05
2841,7.152557373046875e-05
2842,7.152557373046875e-05
2843,7.319450378417969e-05
2844,6.985664367675781e-05
2845,7.104873657226562e-05
2846,6.961822509765625e-05
2847,7.128715515136719e-05
2848,7.43865966796875e-05
2849,7.295608520507812e-05
2850,7.367134094238281e-05
2851,7.43865966796875e-05
2852,9.059906005859375e-05
2853,5.5789947509765625e-05
2854,5.53131103515625e-05
2855,5.221366882324219e-05
2856,5.555152893066406e-05
2857,6.437301635742188e-05
2858,7.200241088867188e-05
2859,7.390975952148438e-05
2860,7.05718994140625e-05
2861,6.580352783203125e-05
2862,7.62939453125e-05
2863,7.128715515136719e-05
2864,7.128715515136719e-05
2865,6.723403930664062e-05
2866,6.818771362304688e-05
2867,6.890296936035156e-05
2868,7.200241088867188e-05
2869,7.081031799316406e-05
2870,7.176399230957031e-05
2871,6.818771362304688e-05
2872,7.271766662597656e-05
2873,6.866455078125e-05
2874,6.961822509765625e-05
2875,6.937980651855469e-05
2876,6.914138793945312e-05
2877,6.890296936035156e-05
2878,7.414817810058594e-05
2879,7.319450378417969e-05
2880,7.343292236328125e-05
2881,7.534027099609375e-05
2882,6.818771362304688e-05
2883,7.462501525878906e-05
2884,6.699562072753906e-05
2885,7.2479248046875e-05
2886,6.985664367675781e-05
2887,6.771087646484375e-05
2888,7.462501525878906e-05
2889,6.794929504394531e-05
2890,7.081031799316406e-05
2891,6.651878356933594e-05
2892,6.985664367675781e-05
2893,6.651878356933594e-05
2894,6.723403930664062e-05
2895,8.0108642578125e-05
2896,7.271766662597656e-05
2897,6.866455078125e-05
2898,7.009506225585938e-05
2899,8.559226989746094e-05
2900,7.05718994140625e-05
2901,7.390975952148438e-05
2902,7.724761962890625e-05
2903,6.985664367675781e-05
2904,6.961822509765625e-05
2905,7.200241088867188e-05
2906,7.200241088867188e-05
2907,7.104873657226562e-05
2908,7.510185241699219e-05
2909,7.605552673339844e-05
2910,7.05718994140625e-05
2911,7.390975952148438e-05
2912,7.128715515136719e-05
2913,7.343292236328125e-05
2914,7.05718994140625e-05
2915,6.723403930664062e-05
2916,8.916854858398438e-05
2917,7.176399230957031e-05
2918,6.699562072753906e-05
2919,8.249282836914062e-05
2920,7.200241088867188e-05
2921,6.818771362304688e-05
2922,7.271766662597656e-05
2923,7.224082946777344e-05
2924,6.699562072753906e-05
2925,6.890296936035156e-05
2926,7.343292236328125e-05
2927,6.985664367675781e-05
2928,7.128715515136719e-05
2929,7.82012939453125e-05
2930,7.367134094238281e-05
2931,7.271766662597656e-05
2932,7.367134094238281e-05
2933,7.414817810058594e-05
2934,7.486343383789062e-05
2935,7.152557373046875e-05
2936,7.557868957519531e-05
2937,6.365776062011719e-05
2938,7.128715515136719e-05
2939,6.985664367675781e-05
2940,6.318092346191406e-05
2941,6.318092346191406e-05
2942,6.29425048828125e-05
2943,6.628036499023438e-05
2944,7.414817810058594e-05
2945,6.937980651855469e-05
2946,7.081031799316406e-05
2947,6.937980651855469e-05
2948,7.534027099609375e-05
2949,7.081031799316406e-05
2950,6.818771362304688e-05
2951,7.081031799316406e-05
2952,7.653236389160156e-05
2953,6.628036499023438e-05
2954,6.914138793945312e-05
2955,6.937980651855469e-05
2956,7.224082946777344e-05
2957,6.866455078125e-05
2958,6.580352783203125e-05
2959,7.390975952148438e-05
2960,7.05718994140625e-05
2961,6.842613220214844e-05
2962,7.2479248046875e-05
2963,7.891654968261719e-05
2964,7.128715515136719e-05
2965,7.414817810058594e-05
2966,7.653236389160156e-05
2967,6.961822509765625e-05
2968,7.557868957519531e-05
2969,7.152557373046875e-05
2970,7.152557373046875e-05
2971,7.200241088867188e-05
2972,9.059906005859375e-05
2973,6.079673767089844e-05
2974,7.200241088867188e-05
2975,7.796287536621094e-05
2976,6.961822509765625e-05
2977,7.224082946777344e-05
2978,7.891654968261719e-05
2979,7.677078247070312e-05
2980,7.128715515136719e-05
2981,7.224082946777344e-05
2982,7.200241088867188e-05
2983,7.367134094238281e-05
2984,7.033348083496094e-05
2985,7.152557373046875e-05
2986,7.009506225585938e-05
2987,6.699562072753906e-05
2988,5.841255187988281e-05
2989,6.127357482910156e-05
2990,6.556510925292969e-05
2991,5.6743621826171875e-05
2992,6.270408630371094e-05
2993,5.6743621826171875e-05
2994,6.103515625e-05
2995,5.9604644775390625e-05
2996,6.4849853515625e-05
2997,6.318092346191406e-05
2998,6.842613220214844e-05
2999,7.724761962890625e-05
